"Station Name","REGINA INTL A"
"Province","SASKATCHEWAN"
"Latitude","50.43"
"Longitude","-104.67"
"Elevation","577.60"
"Climate Identifier","4016566"
"WMO Identifier",""
"TC Identifier","YQR"
"All times are specified in Local Standard Time (LST). Add 1 hour to adjust for Daylight Saving Time where and when it is observed."

"Legend"
"E","Estimated"
"M","Missing"
"NA","Not Available"

"Date/Time","Year","Month","Day","Time","Temp (°C)","Temp Flag","Dew Point Temp (°C)","Dew Point Temp Flag","Rel Hum (%)","Rel Hum Flag","Wind Dir (10s deg)","Wind Dir Flag","Wind Spd (km/h)","Wind Spd Flag","Visibility (km)","Visibility Flag","Stn Press (kPa)","Stn Press Flag","Hmdx","Hmdx Flag","Wind Chill","Wind Chill Flag","Weather"
"2017-03-01 00:00","2017","03","01","00:00","-11.8","","-13.1","","90","","16","","3","","24.1","","94.61","","","","-14","","Snow"
"2017-03-01 01:00","2017","03","01","01:00","-12.8","","-14.3","","89","","21","","6","","24.1","","94.67","","","","-17","","Snow"
"2017-03-01 02:00","2017","03","01","02:00","-14.3","","-15.6","","90","","36","","1","","24.1","","94.72","","","","-15","","Snow"
"2017-03-01 03:00","2017","03","01","03:00","-13.9","","-15.3","","89","","26","","4","","24.1","","94.79","","","","-17","","Clear"
"2017-03-01 04:00","2017","03","01","04:00","-18.1","","-20.0","","85","","26","","8","","0.4","","94.82","","","","-24","","Freezing Fog"
"2017-03-01 05:00","2017","03","01","05:00","-16.9","","-18.6","","87","","36","","2","","0.4","","94.86","","","","-18","","Freezing Fog"
"2017-03-01 06:00","2017","03","01","06:00","-15.0","","-16.7","","87","","31","","5","","0.4","","94.87","","","","-19","","Freezing Fog"
"2017-03-01 07:00","2017","03","01","07:00","-16.5","","-18.5","","85","","22","","5","","0.4","","94.91","","","","-20","","Freezing Fog"
"2017-03-01 08:00","2017","03","01","08:00","-17.1","","-18.9","","86","","18","","5","","0.4","","94.96","","","","-21","","Freezing Fog"
"2017-03-01 09:00","2017","03","01","09:00","-16.0","","-17.7","","87","","11","","8","","4.8","","94.95","","","","-22","","Fog"
"2017-03-01 10:00","2017","03","01","10:00","-13.9","","-15.5","","88","","13","","10","","14.5","","94.98","","","","-20","","NA"
"2017-03-01 11:00","2017","03","01","11:00","-11.8","","-13.3","","89","","12","","8","","16.1","","95.01","","","","-17","","NA"
"2017-03-01 12:00","2017","03","01","12:00","-11.8","","-13.7","","86","","15","","13","","19.3","","95.03","","","","-18","","Mostly Cloudy"
"2017-03-01 13:00","2017","03","01","13:00","-10.8","","-13.6","","80","","14","","12","","19.3","","95.07","","","","-17","","NA"
"2017-03-01 14:00","2017","03","01","14:00","-8.8","","-12.0","","78","","14","","16","","19.3","","95.03","","","","-16","","NA"
"2017-03-01 15:00","2017","03","01","15:00","-7.7","","-11.7","","73","","14","","15","","24.1","","95.02","","","","-14","","Mostly Cloudy"
"2017-03-01 16:00","2017","03","01","16:00","-7.5","","-11.5","","73","","12","","16","","24.1","","95.05","","","","-14","","NA"
"2017-03-01 17:00","2017","03","01","17:00","-7.9","","-10.8","","80","","12","","17","","19.3","","95.12","","","","-15","","NA"
"2017-03-01 18:00","2017","03","01","18:00","-8.3","","-11.2","","80","","13","","17","","24.1","","95.14","","","","-15","","Mostly Cloudy"
"2017-03-01 19:00","2017","03","01","19:00","-9.2","","-11.6","","83","","11","","14","","19.3","","95.23","","","","-16","","NA"
"2017-03-01 20:00","2017","03","01","20:00","-9.2","","-11.7","","82","","11","","14","","24.1","","95.29","","","","-16","","NA"
"2017-03-01 21:00","2017","03","01","21:00","-10.1","","-12.5","","83","","13","","10","","24.1","","95.37","","","","-15","","Mostly Cloudy"
"2017-03-01 22:00","2017","03","01","22:00","-11.7","","-13.5","","87","","12","","13","","24.1","","95.42","","","","-18","","NA"
"2017-03-01 23:00","2017","03","01","23:00","-12.4","","-14.0","","88","","11","","9","","24.1","","95.52","","","","-18","","NA"
"2017-03-02 00:00","2017","03","02","00:00","-12.6","","-14.3","","87","","10","","11","","24.1","","95.60","","","","-19","","Clear"
"2017-03-02 01:00","2017","03","02","01:00","-13.1","","-14.4","","90","","13","","7","","24.1","","95.69","","","","-18","","NA"
"2017-03-02 02:00","2017","03","02","02:00","-13.1","","-14.4","","90","","1","","4","","24.1","","95.75","","","","-16","","NA"
"2017-03-02 03:00","2017","03","02","03:00","-12.7","","-14.4","","87","","12","","9","","24.1","","95.77","","","","-18","","Snow"
"2017-03-02 04:00","2017","03","02","04:00","-13.7","","-15.6","","86","","14","","9","","24.1","","95.82","","","","-19","","Snow"
"2017-03-02 05:00","2017","03","02","05:00","-13.5","","-15.2","","87","","28","","9","","16.1","","95.94","","","","-19","","Snow"
"2017-03-02 06:00","2017","03","02","06:00","-13.3","","-15.2","","86","","36","","1","","24.1","","95.97","","","","-14","","Snow"
"2017-03-02 07:00","2017","03","02","07:00","-13.7","","-15.4","","87","","1","","5","","16.1","","95.97","","","","-17","","Snow"
"2017-03-02 08:00","2017","03","02","08:00","-14.9","","-16.5","","88","","36","","2","","4.8","","96.04","","","","-16","","Snow"
"2017-03-02 09:00","2017","03","02","09:00","-14.2","","-15.8","","88","","25","","8","","19.3","","96.07","","","","-19","","Snow"
"2017-03-02 10:00","2017","03","02","10:00","-12.4","","-14.3","","86","","26","","8","","19.3","","96.10","","","","-17","","NA"
"2017-03-02 11:00","2017","03","02","11:00","-11.1","","-13.6","","82","","26","","8","","19.3","","96.12","","","","-16","","NA"
"2017-03-02 12:00","2017","03","02","12:00","-9.4","","-12.4","","79","","20","","4","","24.1","","96.11","","","","-12","","Mostly Cloudy"
"2017-03-02 13:00","2017","03","02","13:00","-8.5","","-12.5","","73","","26","","7","","16.1","","96.07","","","","-12","","Snow"
"2017-03-02 14:00","2017","03","02","14:00","-7.8","","-11.7","","74","","25","","10","","4.8","","96.01","","","","-13","","Snow"
"2017-03-02 15:00","2017","03","02","15:00","-7.2","","-11.1","","74","","23","","12","","16.1","","95.91","","","","-13","","Snow"
"2017-03-02 16:00","2017","03","02","16:00","-6.8","","-10.4","","76","","24","","14","","24.1","","95.88","","","","-13","","Snow"
"2017-03-02 17:00","2017","03","02","17:00","-6.6","","-10.5","","74","","23","","15","","24.1","","95.82","","","","-13","","NA"
"2017-03-02 18:00","2017","03","02","18:00","-7.2","","-10.9","","75","","19","","8","","24.1","","95.78","","","","-11","","Mainly Clear"
"2017-03-02 19:00","2017","03","02","19:00","-9.8","","-11.3","","89","","13","","18","","24.1","","95.70","","","","-17","","NA"
"2017-03-02 20:00","2017","03","02","20:00","-10.8","","-12.3","","89","","13","","22","","24.1","","95.62","","","","-19","","NA"
"2017-03-02 21:00","2017","03","02","21:00","-11.8","","-13.3","","89","","13","","21","","24.1","","95.55","","","","-20","","Mainly Clear"
"2017-03-02 22:00","2017","03","02","22:00","-12.1","","-13.4","","90","","13","","22","","24.1","","95.49","","","","-21","","NA"
"2017-03-02 23:00","2017","03","02","23:00","-11.9","","-13.5","","88","","13","","22","","24.1","","95.42","","","","-21","","NA"
"2017-03-03 00:00","2017","03","03","00:00","-12.2","","-13.7","","89","","13","","29","","24.1","","95.33","","","","-22","","Mostly Cloudy"
"2017-03-03 01:00","2017","03","03","01:00","-12.1","","-13.4","","90","","13","","26","","24.1","","95.24","","","","-22","","NA"
"2017-03-03 02:00","2017","03","03","02:00","-10.8","","-12.3","","89","","13","","30","","24.1","","95.19","","","","-21","","NA"
"2017-03-03 03:00","2017","03","03","03:00","-10.5","","-12.1","","88","","13","","25","","24.1","","95.08","","","","-19","","Mostly Cloudy"
"2017-03-03 04:00","2017","03","03","04:00","-10.3","","-11.9","","88","","13","","26","","24.1","","94.96","","","","-19","","Snow"
"2017-03-03 05:00","2017","03","03","05:00","-10.0","","-11.5","","89","","13","","31","","8.1","","94.90","","","","-20","","Snow,Blowing Snow"
"2017-03-03 06:00","2017","03","03","06:00","-9.6","","-11.1","","89","","12","","28","","4.8","","94.82","","","","-19","","Snow,Blowing Snow"
"2017-03-03 07:00","2017","03","03","07:00","-8.8","","-10.2","","90","","12","","31","","4.8","","94.71","","","","-18","","Snow,Blowing Snow"
"2017-03-03 08:00","2017","03","03","08:00","-7.9","","-9.3","","90","","14","","36","","19.3","","94.63","","","","-18","","Snow,Blowing Snow"
"2017-03-03 09:00","2017","03","03","09:00","-7.1","","-8.6","","89","","14","","34","","16.1","","94.59","","","","-16","","Blowing Snow"
"2017-03-03 10:00","2017","03","03","10:00","-6.1","","-7.6","","89","","14","","35","","19.3","","94.59","","","","-15","","Blowing Snow"
"2017-03-03 11:00","2017","03","03","11:00","-4.3","","-6.5","","85","","15","","32","","24.1","","94.57","","","","-12","","NA"
"2017-03-03 12:00","2017","03","03","12:00","-3.0","","-5.3","","84","","14","","31","","24.1","","94.50","","","","-11","","Mainly Clear"
"2017-03-03 13:00","2017","03","03","13:00","-1.7","","-4.4","","82","","15","","33","","24.1","","94.49","","","","-9","","NA"
"2017-03-03 14:00","2017","03","03","14:00","-1.3","","-3.8","","83","","14","","30","","24.1","","94.40","","","","-8","","NA"
"2017-03-03 15:00","2017","03","03","15:00","-0.1","","-3.0","","81","","14","","29","","24.1","","94.35","","","","-6","","Clear"
"2017-03-03 16:00","2017","03","03","16:00","0.4","","-2.8","","79","","14","","31","","24.1","","94.31","","","","","","NA"
"2017-03-03 17:00","2017","03","03","17:00","0.4","","-2.7","","80","","13","","30","","24.1","","94.30","","","","","","NA"
"2017-03-03 18:00","2017","03","03","18:00","-1.1","","-3.0","","87","","13","","26","","24.1","","94.31","","","","-7","","Mainly Clear"
"2017-03-03 19:00","2017","03","03","19:00","-2.6","","-4.0","","90","","13","","22","","24.1","","94.27","","","","-9","","NA"
"2017-03-03 20:00","2017","03","03","20:00","-3.3","","-4.4","","92","","13","","25","","24.1","","94.24","","","","-10","","NA"
"2017-03-03 21:00","2017","03","03","21:00","-3.7","","-4.7","","93","","13","","25","","24.1","","94.22","","","","-11","","Mostly Cloudy"
"2017-03-03 22:00","2017","03","03","22:00","-4.3","","-5.3","","93","","12","","23","","24.1","","94.18","","","","-11","","NA"
"2017-03-03 23:00","2017","03","03","23:00","-4.7","","-5.7","","93","","13","","21","","24.1","","94.13","","","","-11","","NA"
"2017-03-04 00:00","2017","03","04","00:00","-5.2","","-6.3","","92","","13","","18","","24.1","","94.06","","","","-11","","Mostly Cloudy"
"2017-03-04 01:00","2017","03","04","01:00","-5.6","","-6.6","","93","","12","","24","","24.1","","94.01","","","","-13","","NA"
"2017-03-04 02:00","2017","03","04","02:00","-5.3","","-6.4","","92","","11","","21","","24.1","","93.98","","","","-12","","NA"
"2017-03-04 03:00","2017","03","04","03:00","-5.7","","-6.8","","92","","12","","17","","24.1","","93.93","","","","-12","","Clear"
"2017-03-04 04:00","2017","03","04","04:00","-5.8","","-6.8","","93","","11","","17","","24.1","","93.85","","","","-12","","NA"
"2017-03-04 05:00","2017","03","04","05:00","-5.5","","-6.6","","92","","12","","18","","24.1","","93.76","","","","-12","","NA"
"2017-03-04 06:00","2017","03","04","06:00","-4.3","","-5.9","","89","","12","","23","","24.1","","93.69","","","","-11","","Mainly Clear"
"2017-03-04 07:00","2017","03","04","07:00","-4.2","","-6.1","","87","","13","","28","","24.1","","93.63","","","","-12","","NA"
"2017-03-04 08:00","2017","03","04","08:00","-4.0","","-6.0","","86","","12","","29","","24.1","","93.55","","","","-12","","NA"
"2017-03-04 09:00","2017","03","04","09:00","-3.8","","-6.1","","84","","12","","29","","24.1","","93.51","","","","-11","","Mostly Cloudy"
"2017-03-04 10:00","2017","03","04","10:00","-1.5","","-4.5","","80","","13","","25","","24.1","","93.47","","","","-8","","NA"
"2017-03-04 11:00","2017","03","04","11:00","0.1","","-3.3","","78","","13","","18","","24.1","","93.43","","","","","","NA"
"2017-03-04 12:00","2017","03","04","12:00","0.9","","-2.5","","78","","13","","19","","24.1","","93.42","","","","","","Cloudy"
"2017-03-04 13:00","2017","03","04","13:00","1.9","","-1.5","","78","","13","","22","","24.1","","93.39","","","","","","NA"
"2017-03-04 14:00","2017","03","04","14:00","4.0","","-0.2","","74","","14","","15","","24.1","","93.34","","","","","","NA"
"2017-03-04 15:00","2017","03","04","15:00","6.7","","0.8","","66","","21","","6","","24.1","","93.33","","","","","","Cloudy"
"2017-03-04 16:00","2017","03","04","16:00","8.4","","0.9","","59","","25","","14","","24.1","","93.33","","","","","","NA"
"2017-03-04 17:00","2017","03","04","17:00","9.5","","1.4","","57","","18","","9","","24.1","","93.36","","","","","","NA"
"2017-03-04 18:00","2017","03","04","18:00","3.7","","0.1","","77","","14","","12","","24.1","","93.41","","","","","","Mainly Clear"
"2017-03-04 19:00","2017","03","04","19:00","3.9","","0.2","","77","","26","","12","","24.1","","93.45","","","","","","NA"
"2017-03-04 20:00","2017","03","04","20:00","0.4","","-2.2","","83","","23","","9","","24.1","","93.49","","","","","","NA"
"2017-03-04 21:00","2017","03","04","21:00","-1.1","","-3.0","","87","","36","","9","","24.1","","93.55","","","","-4","","Clear"
"2017-03-04 22:00","2017","03","04","22:00","1.1","","-2.5","","77","","32","","5","","24.1","","93.55","","","","","","NA"
"2017-03-04 23:00","2017","03","04","23:00","-3.0","","-4.1","","92","","22","","5","","24.1","","93.59","","","","-5","","NA"
"2017-03-05 00:00","2017","03","05","00:00","-3.4","","-4.8","","90","","33","","14","","24.1","","93.59","","","","-8","","Clear"
"2017-03-05 01:00","2017","03","05","01:00","-2.8","","-3.5","","95","","34","","12","","24.1","","93.64","","","","-7","","NA"
"2017-03-05 02:00","2017","03","05","02:00","-3.0","","-3.1","","99","","35","","18","","2.4","","93.66","","","","-9","","Fog"
"2017-03-05 03:00","2017","03","05","03:00","-3.0","","-3.1","","99","","32","","11","","1.2","","93.72","","","","-7","","Fog"
"2017-03-05 04:00","2017","03","05","04:00","-3.3","","-3.6","","98","","1","","18","","2.4","","93.60","","","","-9","","Snow,Fog"
"2017-03-05 05:00","2017","03","05","05:00","-3.9","","-4.2","","98","","35","","17","","1.6","","93.67","","","","-10","","Fog"
"2017-03-05 06:00","2017","03","05","06:00","-4.2","","-4.6","","97","","35","","16","","3.2","","93.67","","","","-10","","Snow,Fog"
"2017-03-05 07:00","2017","03","05","07:00","-4.2","","-4.6","","97","","3","","18","","2.4","","93.62","","","","-10","","Snow"
"2017-03-05 08:00","2017","03","05","08:00","-3.8","","-4.2","","97","","5","","19","","24.1","","93.51","","","","-10","","NA"
"2017-03-05 09:00","2017","03","05","09:00","-2.9","","-3.3","","97","","7","","19","","24.1","","93.43","","","","-9","","Mostly Cloudy"
"2017-03-05 10:00","2017","03","05","10:00","-1.6","","-3.0","","90","","5","","7","","24.1","","93.43","","","","-4","","NA"
"2017-03-05 11:00","2017","03","05","11:00","0.3","","-2.1","","84","","9","","12","","24.1","","93.36","","","","","","NA"
"2017-03-05 12:00","2017","03","05","12:00","2.6","","-1.8","","73","","10","","27","","24.1","","93.25","","","","","","Mainly Clear"
"2017-03-05 13:00","2017","03","05","13:00","3.8","","-0.6","","73","","12","","27","","24.1","","93.22","","","","","","NA"
"2017-03-05 14:00","2017","03","05","14:00","3.9","","-0.3","","74","","11","","26","","24.1","","93.15","","","","","","NA"
"2017-03-05 15:00","2017","03","05","15:00","4.4","","0.0","","73","","11","","29","","24.1","","93.08","","","","","","Mostly Cloudy"
"2017-03-05 16:00","2017","03","05","16:00","4.7","","0.1","","72","","10","","20","","24.1","","93.03","","","","","","NA"
"2017-03-05 17:00","2017","03","05","17:00","4.7","","0.3","","73","","11","","17","","24.1","","93.02","","","","","","NA"
"2017-03-05 18:00","2017","03","05","18:00","3.3","","-0.2","","78","","12","","18","","24.1","","92.98","","","","","","Mostly Cloudy"
"2017-03-05 19:00","2017","03","05","19:00","-1.0","","-2.1","","92","","30","","20","","24.1","","93.03","","","","-7","","NA"
"2017-03-05 20:00","2017","03","05","20:00","-1.6","","-2.7","","92","","34","","19","","24.1","","93.03","","","","-7","","NA"
"2017-03-05 21:00","2017","03","05","21:00","-3.1","","-4.1","","93","","31","","25","","24.1","","93.07","","","","-10","","Cloudy"
"2017-03-05 22:00","2017","03","05","22:00","-5.0","","-5.8","","94","","30","","27","","24.1","","93.13","","","","-13","","NA"
"2017-03-05 23:00","2017","03","05","23:00","-6.2","","-7.0","","94","","32","","35","","24.1","","93.08","","","","-15","","NA"
"2017-03-06 00:00","2017","03","06","00:00","-6.3","","-7.1","","94","","32","","30","","24.1","","93.04","","","","-15","","Cloudy"
"2017-03-06 01:00","2017","03","06","01:00","-6.4","","-7.1","","95","","31","","18","","24.1","","93.03","","","","-13","","NA"
"2017-03-06 02:00","2017","03","06","02:00","-6.6","","-7.3","","95","","32","","25","","24.1","","92.84","","","","-14","","NA"
"2017-03-06 03:00","2017","03","06","03:00","-6.9","","-7.4","","96","","30","","31","","16.1","","92.89","","","","-16","","Cloudy"
"2017-03-06 04:00","2017","03","06","04:00","-7.7","","-8.2","","96","","33","","40","","3.2","","92.80","","","","-18","","Snow,Fog"
"2017-03-06 05:00","2017","03","06","05:00","-9.0","","-9.8","","94","","31","","39","","2.0","","92.91","","","","-19","","Snow,Fog,Blowing Snow"
"2017-03-06 06:00","2017","03","06","06:00","-9.9","","-10.8","","93","","33","","43","","2.0","","92.94","","","","-21","","Snow,Fog,Blowing Snow"
"2017-03-06 07:00","2017","03","06","07:00","-11.0","","-12.3","","90","","33","","37","","4.0","","93.01","","","","-22","","Snow,Blowing Snow"
"2017-03-06 08:00","2017","03","06","08:00","-11.2","","-12.5","","90","","33","","33","","12.9","","93.06","","","","-22","","Snow,Blowing Snow"
"2017-03-06 09:00","2017","03","06","09:00","-11.7","","-13.3","","88","","32","","39","","1.6","","93.13","","","","-23","","Snow,Blowing Snow"
"2017-03-06 10:00","2017","03","06","10:00","-12.3","","-14.0","","87","","32","","43","","2.0","","93.12","","","","-24","","Snow,Blowing Snow"
"2017-03-06 11:00","2017","03","06","11:00","-12.4","","-14.3","","86","","32","","46","","1.2","","93.09","","","","-25","","Snow,Blowing Snow"
"2017-03-06 12:00","2017","03","06","12:00","-12.6","","-14.9","","83","","32","","40","","1.6","","93.14","","","","-24","","Snow,Blowing Snow"
"2017-03-06 13:00","2017","03","06","13:00","-12.6","","-14.9","","83","","33","","38","","2.0","","93.19","","","","-24","","Snow,Blowing Snow"
"2017-03-06 14:00","2017","03","06","14:00","-12.3","","-15.1","","80","","33","","43","","12.9","","93.14","","","","-24","","Snow,Blowing Snow"
"2017-03-06 15:00","2017","03","06","15:00","-12.0","","-14.9","","79","","32","","47","","4.8","","93.12","","","","-24","","Snow,Blowing Snow"
"2017-03-06 16:00","2017","03","06","16:00","-11.1","","-13.8","","81","","31","","46","","2.0","","93.14","","","","-23","","Snow,Blowing Snow"
"2017-03-06 17:00","2017","03","06","17:00","-10.9","","-13.6","","81","","31","","48","","6.4","","93.21","","","","-23","","Snow,Blowing Snow"
"2017-03-06 18:00","2017","03","06","18:00","-10.2","","-12.3","","85","","31","","41","","2.4","","93.18","","","","-21","","Snow,Blowing Snow"
"2017-03-06 19:00","2017","03","06","19:00","-10.3","","-12.5","","84","","31","","45","","2.4","","93.23","","","","-22","","Snow,Blowing Snow"
"2017-03-06 20:00","2017","03","06","20:00","-10.5","","-13.3","","80","","31","","53","","8.1","","93.24","","","","-23","","Snow,Blowing Snow"
"2017-03-06 21:00","2017","03","06","21:00","-10.8","","-13.5","","81","","31","","51","","4.8","","93.20","","","","-23","","Snow,Blowing Snow"
"2017-03-06 22:00","2017","03","06","22:00","-11.6","","-14.1","","82","","31","","50","","4.8","","93.13","","","","-24","","Snow,Blowing Snow"
"2017-03-06 23:00","2017","03","06","23:00","-12.7","","-15.5","","80","","31","","50","","8.1","","93.10","","","","-25","","Snow,Blowing Snow"
"2017-03-07 00:00","2017","03","07","00:00","-13.8","","-16.4","","81","","30","","42","","9.7","","93.13","","","","-26","","Blowing Snow"
"2017-03-07 01:00","2017","03","07","01:00","-13.8","","-16.2","","82","","29","","45","","16.1","","93.09","","","","-26","","NA"
"2017-03-07 02:00","2017","03","07","02:00","-13.5","","-16.0","","82","","30","","49","","16.1","","93.05","","","","-26","","NA"
"2017-03-07 03:00","2017","03","07","03:00","-13.9","","-16.6","","80","","30","","48","","8.1","","93.04","","","","-27","","Snow,Blowing Snow"
"2017-03-07 04:00","2017","03","07","04:00","-14.6","","-17.3","","80","","29","","52","","9.7","","93.06","","","","-28","","Blowing Snow"
"2017-03-07 05:00","2017","03","07","05:00","-14.0","","-16.6","","81","","30","","46","","9.7","","93.06","","","","-27","","Blowing Snow"
"2017-03-07 06:00","2017","03","07","06:00","-13.0","","-15.8","","80","","30","","53","","4.8","","93.05","","","","-26","","Snow,Blowing Snow"
"2017-03-07 07:00","2017","03","07","07:00","-14.1","","-16.4","","83","","29","","50","","1.6","","93.07","","","","-27","","Snow,Blowing Snow"
"2017-03-07 08:00","2017","03","07","08:00","-14.3","","-16.7","","82","","29","","57","","0.8","","93.10","","","","-28","","Snow,Blowing Snow"
"2017-03-07 09:00","2017","03","07","09:00","-14.2","","-16.8","","81","","30","","62","","0.8","","93.12","","","","-29","","Snow,Blowing Snow"
"2017-03-07 10:00","2017","03","07","10:00","-13.4","","-15.7","","83","","30","","56","","0.8","","93.15","","","","-27","","Snow,Blowing Snow"
"2017-03-07 11:00","2017","03","07","11:00","-13.0","","-16.4","","76","","31","","69","","1.6","","93.22","","","","-27","","Snow,Blowing Snow"
"2017-03-07 12:00","2017","03","07","12:00","-12.4","","-16.0","","75","","31","","67","","1.6","","93.29","","","","-27","","Snow,Blowing Snow"
"2017-03-07 13:00","2017","03","07","13:00","-12.0","","-15.6","","75","","31","","71","","1.6","","93.39","","","","-26","","Snow,Blowing Snow"
"2017-03-07 14:00","2017","03","07","14:00","-11.2","","-15.3","","72","","31","","64","","3.2","","93.48","","","","-25","","Snow,Blowing Snow"
"2017-03-07 15:00","2017","03","07","15:00","-11.6","","-15.2","","75","","31","","71","","2.4","","93.60","","","","-26","","Snow,Blowing Snow"
"2017-03-07 16:00","2017","03","07","16:00","-11.1","","-15.6","","70","","31","","68","","2.4","","93.74","","","","-25","","Snow,Blowing Snow"
"2017-03-07 17:00","2017","03","07","17:00","-11.2","","-15.1","","73","","31","","65","","2.4","","93.87","","","","-25","","Snow,Blowing Snow"
"2017-03-07 18:00","2017","03","07","18:00","-11.5","","-16.3","","68","","31","","65","","16.1","","93.99","","","","-25","","Blowing Snow"
"2017-03-07 19:00","2017","03","07","19:00","-11.9","","-16.0","","72","","31","","72","","8.1","","94.11","","","","-26","","Snow,Blowing Snow"
"2017-03-07 20:00","2017","03","07","20:00","-12.2","","-16.1","","73","","31","","57","","8.1","","94.19","","","","-25","","Snow,Blowing Snow"
"2017-03-07 21:00","2017","03","07","21:00","-12.5","","-14.8","","83","","32","","49","","3.2","","94.28","","","","-25","","Snow,Blowing Snow"
"2017-03-07 22:00","2017","03","07","22:00","-12.7","","-15.8","","78","","32","","55","","16.1","","94.34","","","","-26","","Snow,Blowing Snow"
"2017-03-07 23:00","2017","03","07","23:00","-13.5","","-16.0","","82","","32","","43","","3.2","","94.48","","","","-26","","Snow,Blowing Snow"
"2017-03-08 00:00","2017","03","08","00:00","-13.8","","-17.7","","73","","32","","49","","19.3","","94.58","","","","-27","","Snow,Blowing Snow"
"2017-03-08 01:00","2017","03","08","01:00","-13.6","","-16.4","","80","","31","","36","","19.3","","94.69","","","","-25","","Blowing Snow"
"2017-03-08 02:00","2017","03","08","02:00","-14.5","","-17.7","","77","","31","","34","","24.1","","94.82","","","","-26","","Blowing Snow"
"2017-03-08 03:00","2017","03","08","03:00","-15.0","","-18.0","","78","","31","","40","","24.1","","94.89","","","","-27","","Blowing Snow"
"2017-03-08 04:00","2017","03","08","04:00","-15.5","","-18.8","","76","","31","","39","","24.1","","94.91","","","","-28","","Blowing Snow"
"2017-03-08 05:00","2017","03","08","05:00","-16.1","","-19.6","","75","","33","","37","","24.1","","94.88","","","","-29","","Blowing Snow"
"2017-03-08 06:00","2017","03","08","06:00","-16.9","","-20.2","","76","","34","","27","","24.1","","94.88","","","","-28","","Clear"
"2017-03-08 07:00","2017","03","08","07:00","-17.5","","-20.3","","79","","32","","21","","24.1","","95.04","","","","-28","","NA"
"2017-03-08 08:00","2017","03","08","08:00","-17.7","","-21.0","","76","","32","","26","","24.1","","95.12","","","","-29","","NA"
"2017-03-08 09:00","2017","03","08","09:00","-17.4","","-21.2","","73","","33","","22","","24.1","","95.17","","","","-28","","Mostly Cloudy"
"2017-03-08 10:00","2017","03","08","10:00","-16.8","","-21.2","","69","","33","","23","","24.1","","95.29","","","","-27","","NA"
"2017-03-08 11:00","2017","03","08","11:00","-15.8","","-20.6","","67","","34","","16","","24.1","","95.31","","","","-24","","NA"
"2017-03-08 12:00","2017","03","08","12:00","-15.0","","-20.2","","65","","32","","21","","24.1","","95.32","","","","-24","","Mostly Cloudy"
"2017-03-08 13:00","2017","03","08","13:00","-13.5","","-18.8","","65","","32","","21","","24.1","","95.34","","","","-22","","NA"
"2017-03-08 14:00","2017","03","08","14:00","-13.0","","-19.0","","61","","34","","20","","24.1","","95.35","","","","-22","","NA"
"2017-03-08 15:00","2017","03","08","15:00","-12.4","","-19.5","","56","","34","","21","","24.1","","95.33","","","","-21","","Cloudy"
"2017-03-08 16:00","2017","03","08","16:00","-12.1","","-19.4","","55","","35","","16","","24.1","","95.36","","","","-20","","NA"
"2017-03-08 17:00","2017","03","08","17:00","-11.9","","-18.6","","58","","2","","14","","24.1","","95.37","","","","-19","","NA"
"2017-03-08 18:00","2017","03","08","18:00","-12.8","","-20.3","","54","","2","","16","","24.1","","95.40","","","","-20","","Cloudy"
"2017-03-08 19:00","2017","03","08","19:00","-13.6","","-21.7","","51","","3","","13","","24.1","","95.44","","","","-21","","NA"
"2017-03-08 20:00","2017","03","08","20:00","-14.2","","-22.1","","52","","36","","7","","24.1","","95.50","","","","-19","","NA"
"2017-03-08 21:00","2017","03","08","21:00","-14.5","","-21.3","","57","","3","","10","","24.1","","95.53","","","","-21","","Cloudy"
"2017-03-08 22:00","2017","03","08","22:00","-14.5","","-20.3","","62","","36","","10","","24.1","","95.59","","","","-21","","NA"
"2017-03-08 23:00","2017","03","08","23:00","-15.0","","-20.6","","63","","1","","15","","24.1","","95.66","","","","-23","","NA"
"2017-03-09 00:00","2017","03","09","00:00","-16.3","","-21.1","","67","","1","","20","","24.1","","95.74","","","","-26","","Mainly Clear"
"2017-03-09 01:00","2017","03","09","01:00","-17.1","","-22.8","","62","","1","","19","","24.1","","95.81","","","","-27","","NA"
"2017-03-09 02:00","2017","03","09","02:00","-17.8","","-23.4","","62","","1","","18","","24.1","","95.88","","","","-27","","NA"
"2017-03-09 03:00","2017","03","09","03:00","-18.4","","-23.6","","64","","1","","15","","24.1","","95.91","","","","-27","","Mainly Clear"
"2017-03-09 04:00","2017","03","09","04:00","-18.1","","-23.0","","66","","1","","14","","24.1","","95.95","","","","-26","","NA"
"2017-03-09 05:00","2017","03","09","05:00","-18.3","","-23.0","","67","","1","","17","","24.1","","96.02","","","","-28","","NA"
"2017-03-09 06:00","2017","03","09","06:00","-18.5","","-23.4","","66","","2","","15","","24.1","","96.13","","","","-27","","Cloudy"
"2017-03-09 07:00","2017","03","09","07:00","-18.8","","-23.3","","68","","2","","14","","24.1","","96.22","","","","-27","","Snow"
"2017-03-09 08:00","2017","03","09","08:00","-19.5","","-23.8","","69","","1","","17","","19.3","","96.34","","","","-29","","Snow"
"2017-03-09 09:00","2017","03","09","09:00","-18.9","","-23.1","","70","","1","","14","","24.1","","96.41","","","","-27","","Snow"
"2017-03-09 10:00","2017","03","09","10:00","-18.1","","-22.7","","68","","34","","20","","24.1","","96.48","","","","-28","","NA"
"2017-03-09 11:00","2017","03","09","11:00","-17.5","","-22.4","","66","","34","","21","","24.1","","96.55","","","","-28","","NA"
"2017-03-09 12:00","2017","03","09","12:00","-17.0","","-23.1","","60","","34","","22","","24.1","","96.63","","","","-27","","Mainly Clear"
"2017-03-09 13:00","2017","03","09","13:00","-16.4","","-22.5","","60","","34","","22","","24.1","","96.69","","","","-26","","NA"
"2017-03-09 14:00","2017","03","09","14:00","-16.3","","-23.2","","56","","33","","19","","24.1","","96.75","","","","-26","","NA"
"2017-03-09 15:00","2017","03","09","15:00","-15.6","","-21.9","","59","","34","","21","","24.1","","96.77","","","","-25","","Mainly Clear"
"2017-03-09 16:00","2017","03","09","16:00","-15.6","","-21.9","","59","","1","","19","","24.1","","96.82","","","","-25","","NA"
"2017-03-09 17:00","2017","03","09","17:00","-15.9","","-22.4","","58","","1","","19","","24.1","","96.87","","","","-25","","NA"
"2017-03-09 18:00","2017","03","09","18:00","-16.9","","-23.8","","56","","35","","14","","24.1","","96.91","","","","-25","","Clear"
"2017-03-09 19:00","2017","03","09","19:00","-18.5","","-24.1","","62","","36","","17","","24.1","","96.94","","","","-28","","NA"
"2017-03-09 20:00","2017","03","09","20:00","-19.5","","-24.9","","63","","3","","13","","24.1","","96.96","","","","-28","","NA"
"2017-03-09 21:00","2017","03","09","21:00","-20.3","","-25.8","","62","","3","","14","","24.1","","96.98","","","","-29","","Clear"
"2017-03-09 22:00","2017","03","09","22:00","-21.2","","-25.8","","67","","4","","10","","24.1","","97.00","","","","-29","","NA"
"2017-03-09 23:00","2017","03","09","23:00","-21.6","","-26.4","","66","","7","","9","","24.1","","97.00","","","","-29","","NA"
"2017-03-10 00:00","2017","03","10","00:00","-21.8","","-26.7","","65","","8","","7","","24.1","","96.96","","","","-28","","Clear"
"2017-03-10 01:00","2017","03","10","01:00","-22.4","","-27.3","","65","","12","","9","","24.1","","96.96","","","","-30","","NA"
"2017-03-10 02:00","2017","03","10","02:00","-23.1","","-26.8","","72","","13","","8","","24.1","","96.92","","","","-30","","NA"
"2017-03-10 03:00","2017","03","10","03:00","-22.9","","-27.5","","67","","12","","9","","24.1","","96.89","","","","-30","","Mainly Clear"
"2017-03-10 04:00","2017","03","10","04:00","-23.2","","-28.1","","65","","12","","11","","24.1","","96.88","","","","-31","","NA"
"2017-03-10 05:00","2017","03","10","05:00","-23.2","","-27.9","","66","","12","","15","","24.1","","96.80","","","","-33","","NA"
"2017-03-10 06:00","2017","03","10","06:00","-23.2","","-28.6","","62","","12","","18","","24.1","","96.78","","","","-34","","Cloudy"
"2017-03-10 07:00","2017","03","10","07:00","-22.8","","-28.2","","62","","11","","15","","24.1","","96.71","","","","-33","","NA"
"2017-03-10 08:00","2017","03","10","08:00","-22.4","","-27.8","","62","","11","","18","","24.1","","96.66","","","","-33","","NA"
"2017-03-10 09:00","2017","03","10","09:00","-21.3","","-26.8","","62","","11","","20","","24.1","","96.67","","","","-32","","Cloudy"
"2017-03-10 10:00","2017","03","10","10:00","-20.5","","-25.5","","65","","12","","22","","24.1","","96.67","","","","-32","","NA"
"2017-03-10 11:00","2017","03","10","11:00","-19.7","","-25.8","","59","","13","","23","","24.1","","96.66","","","","-31","","NA"
"2017-03-10 12:00","2017","03","10","12:00","-18.8","","-25.6","","56","","11","","26","","24.1","","96.66","","","","-30","","Cloudy"
"2017-03-10 13:00","2017","03","10","13:00","-18.2","","-25.8","","52","","12","","27","","24.1","","96.58","","","","-30","","NA"
"2017-03-10 14:00","2017","03","10","14:00","-17.1","","-23.7","","57","","12","","28","","24.1","","96.48","","","","-28","","NA"
"2017-03-10 15:00","2017","03","10","15:00","-16.6","","-23.5","","56","","10","","32","","24.1","","96.40","","","","-28","","Cloudy"
"2017-03-10 16:00","2017","03","10","16:00","-16.6","","-22.1","","63","","12","","28","","6.4","","96.42","","","","-28","","Snow,Blowing Snow"
"2017-03-10 17:00","2017","03","10","17:00","-16.6","","-20.4","","73","","11","","23","","3.2","","96.40","","","","-27","","Snow,Blowing Snow"
"2017-03-10 18:00","2017","03","10","18:00","-16.5","","-20.3","","73","","9","","27","","6.4","","96.38","","","","-27","","Snow,Blowing Snow"
"2017-03-10 19:00","2017","03","10","19:00","-16.3","","-20.1","","73","","10","","25","","19.3","","96.34","","","","-27","","Snow,Blowing Snow"
"2017-03-10 20:00","2017","03","10","20:00","-16.4","","-20.8","","69","","11","","26","","3.2","","96.37","","","","-27","","Snow,Blowing Snow"
"2017-03-10 21:00","2017","03","10","21:00","-16.8","","-20.1","","76","","11","","21","","2.4","","96.44","","","","-27","","Snow,Blowing Snow"
"2017-03-10 22:00","2017","03","10","22:00","-17.0","","-19.5","","81","","11","","18","","4.0","","96.45","","","","-26","","Snow,Blowing Snow"
"2017-03-10 23:00","2017","03","10","23:00","-17.1","","-19.8","","80","","10","","17","","3.2","","96.53","","","","-26","","Snow"
"2017-03-11 00:00","2017","03","11","00:00","-17.5","","-20.5","","78","","10","","19","","3.2","","96.56","","","","-27","","Snow"
"2017-03-11 01:00","2017","03","11","01:00","-17.6","","-20.4","","79","","11","","19","","4.0","","96.55","","","","-27","","Snow"
"2017-03-11 02:00","2017","03","11","02:00","-18.2","","-21.2","","78","","10","","23","","4.8","","96.61","","","","-29","","Snow"
"2017-03-11 03:00","2017","03","11","03:00","-18.7","","-21.8","","77","","11","","18","","24.1","","96.64","","","","-28","","Mostly Cloudy"
"2017-03-11 04:00","2017","03","11","04:00","-19.0","","-22.2","","76","","11","","17","","24.1","","96.63","","","","-28","","NA"
"2017-03-11 05:00","2017","03","11","05:00","-19.0","","-22.4","","75","","12","","14","","12.9","","96.69","","","","-28","","Snow"
"2017-03-11 06:00","2017","03","11","06:00","-19.1","","-22.5","","75","","12","","18","","24.1","","96.72","","","","-29","","Cloudy"
"2017-03-11 07:00","2017","03","11","07:00","-19.0","","-22.4","","75","","12","","16","","19.3","","96.76","","","","-28","","Snow"
"2017-03-11 08:00","2017","03","11","08:00","-19.1","","-22.5","","75","","11","","20","","24.1","","96.74","","","","-29","","Snow"
"2017-03-11 09:00","2017","03","11","09:00","-18.8","","-22.5","","73","","13","","21","","24.1","","96.78","","","","-29","","Snow"
"2017-03-11 10:00","2017","03","11","10:00","-18.1","","-22.2","","71","","13","","22","","24.1","","96.72","","","","-29","","Blowing Snow"
"2017-03-11 11:00","2017","03","11","11:00","-17.5","","-21.6","","71","","12","","27","","24.1","","96.73","","","","-29","","NA"
"2017-03-11 12:00","2017","03","11","12:00","-17.2","","-21.5","","70","","15","","25","","24.1","","96.73","","","","-28","","Mainly Clear"
"2017-03-11 13:00","2017","03","11","13:00","-16.8","","-21.1","","70","","14","","24","","24.1","","96.72","","","","-27","","NA"
"2017-03-11 14:00","2017","03","11","14:00","-16.4","","-20.7","","70","","15","","25","","24.1","","96.64","","","","-27","","NA"
"2017-03-11 15:00","2017","03","11","15:00","-15.9","","-19.9","","72","","14","","26","","24.1","","96.52","","","","-27","","Mainly Clear"
"2017-03-11 16:00","2017","03","11","16:00","-16.1","","-19.9","","73","","13","","28","","24.1","","96.44","","","","-27","","NA"
"2017-03-11 17:00","2017","03","11","17:00","-16.2","","-20.0","","73","","13","","28","","24.1","","96.34","","","","-27","","NA"
"2017-03-11 18:00","2017","03","11","18:00","-16.3","","-19.6","","76","","13","","24","","24.1","","96.32","","","","-27","","Cloudy"
"2017-03-11 19:00","2017","03","11","19:00","-16.5","","-19.6","","77","","12","","30","","24.1","","96.24","","","","-28","","NA"
"2017-03-11 20:00","2017","03","11","20:00","-16.6","","-19.6","","78","","11","","27","","24.1","","96.17","","","","-28","","NA"
"2017-03-11 21:00","2017","03","11","21:00","-16.5","","-19.3","","79","","11","","23","","24.1","","96.11","","","","-27","","Cloudy"
"2017-03-11 22:00","2017","03","11","22:00","-16.6","","-19.6","","78","","12","","27","","24.1","","96.04","","","","-28","","Snow"
"2017-03-11 23:00","2017","03","11","23:00","-16.8","","-19.5","","80","","11","","30","","9.7","","95.93","","","","-28","","Snow,Blowing Snow"
"2017-03-12 00:00","2017","03","12","00:00","-16.6","","-19.1","","81","","11","","22","","3.2","","95.88","","","","-27","","Snow,Blowing Snow"
"2017-03-12 01:00","2017","03","12","01:00","-16.7","","-19.4","","80","","11","","27","","3.2","","95.81","","","","-28","","Snow,Blowing Snow"
"2017-03-12 02:00","2017","03","12","02:00","-16.8","","-19.3","","81","","11","","31","","3.2","","95.74","","","","-29","","Snow,Blowing Snow"
"2017-03-12 03:00","2017","03","12","03:00","-16.6","","-19.1","","81","","10","","28","","3.2","","95.63","","","","-28","","Snow,Blowing Snow"
"2017-03-12 04:00","2017","03","12","04:00","-16.4","","-18.9","","81","","10","","25","","3.2","","95.59","","","","-27","","Snow,Blowing Snow"
"2017-03-12 05:00","2017","03","12","05:00","-16.4","","-19.1","","80","","10","","22","","3.2","","95.60","","","","-26","","Snow,Blowing Snow"
"2017-03-12 06:00","2017","03","12","06:00","-16.7","","-19.7","","78","","9","","27","","4.8","","95.62","","","","-28","","Snow,Blowing Snow"
"2017-03-12 07:00","2017","03","12","07:00","-16.9","","-19.7","","79","","8","","25","","3.2","","95.67","","","","-28","","Snow,Blowing Snow"
"2017-03-12 08:00","2017","03","12","08:00","-16.7","","-19.5","","79","","9","","23","","3.2","","95.71","","","","-27","","Snow,Blowing Snow"
"2017-03-12 09:00","2017","03","12","09:00","-16.4","","-19.5","","77","","9","","31","","3.2","","95.77","","","","-28","","Snow,Blowing Snow"
"2017-03-12 10:00","2017","03","12","10:00","-15.8","","-19.1","","76","","10","","30","","3.2","","95.87","","","","-27","","Snow,Blowing Snow"
"2017-03-12 11:00","2017","03","12","11:00","-15.2","","-18.9","","74","","9","","21","","6.4","","95.97","","","","-25","","Snow,Blowing Snow"
"2017-03-12 12:00","2017","03","12","12:00","-14.2","","-18.4","","71","","9","","21","","6.4","","96.09","","","","-23","","Snow,Blowing Snow"
"2017-03-12 13:00","2017","03","12","13:00","-13.9","","-18.1","","71","","8","","25","","24.1","","96.17","","","","-24","","Snow,Blowing Snow"
"2017-03-12 14:00","2017","03","12","14:00","-13.2","","-17.9","","68","","8","","18","","19.3","","96.21","","","","-21","","Snow"
"2017-03-12 15:00","2017","03","12","15:00","-13.3","","-18.2","","67","","8","","17","","24.1","","96.24","","","","-21","","Mostly Cloudy"
"2017-03-12 16:00","2017","03","12","16:00","-13.1","","-18.2","","66","","9","","17","","24.1","","96.32","","","","-21","","NA"
"2017-03-12 17:00","2017","03","12","17:00","-13.3","","-18.8","","64","","11","","14","","24.1","","96.40","","","","-21","","NA"
"2017-03-12 18:00","2017","03","12","18:00","-14.2","","-19.1","","67","","12","","14","","24.1","","96.43","","","","-22","","Mostly Cloudy"
"2017-03-12 19:00","2017","03","12","19:00","-15.3","","-19.6","","70","","11","","11","","24.1","","96.47","","","","-22","","NA"
"2017-03-12 20:00","2017","03","12","20:00","-16.5","","-19.8","","76","","12","","10","","24.1","","96.50","","","","-23","","NA"
"2017-03-12 21:00","2017","03","12","21:00","-17.1","","-19.9","","79","","11","","11","","24.1","","96.53","","","","-24","","Clear"
"2017-03-12 22:00","2017","03","12","22:00","-18.0","","-20.4","","82","","11","","13","","24.1","","96.52","","","","-26","","NA"
"2017-03-12 23:00","2017","03","12","23:00","-19.0","","-21.5","","81","","12","","11","","24.1","","96.52","","","","-26","","NA"
"2017-03-13 00:00","2017","03","13","00:00","-19.2","","-21.7","","81","","13","","18","","24.1","","96.48","","","","-29","","Mainly Clear"
"2017-03-13 01:00","2017","03","13","01:00","-20.5","","-22.7","","83","","14","","16","","24.1","","96.43","","","","-30","","NA"
"2017-03-13 02:00","2017","03","13","02:00","-20.5","","-22.5","","84","","14","","17","","24.1","","96.36","","","","-30","","NA"
"2017-03-13 03:00","2017","03","13","03:00","-21.0","","-22.9","","85","","13","","18","","24.1","","96.32","","","","-31","","Mainly Clear"
"2017-03-13 04:00","2017","03","13","04:00","-21.3","","-23.2","","85","","14","","20","","24.1","","96.28","","","","-32","","NA"
"2017-03-13 05:00","2017","03","13","05:00","-20.2","","-22.0","","86","","13","","25","","24.1","","96.17","","","","-32","","NA"
"2017-03-13 06:00","2017","03","13","06:00","-19.6","","-21.5","","85","","13","","24","","24.1","","96.12","","","","-31","","Cloudy"
"2017-03-13 07:00","2017","03","13","07:00","-19.1","","-21.0","","85","","13","","24","","24.1","","96.05","","","","-30","","NA"
"2017-03-13 08:00","2017","03","13","08:00","-19.0","","-21.1","","84","","14","","26","","24.1","","96.01","","","","-31","","NA"
"2017-03-13 09:00","2017","03","13","09:00","-17.7","","-19.9","","83","","14","","27","","24.1","","95.98","","","","-29","","Blowing Snow"
"2017-03-13 10:00","2017","03","13","10:00","-16.6","","-19.1","","81","","14","","32","","24.1","","95.92","","","","-28","","Blowing Snow"
"2017-03-13 11:00","2017","03","13","11:00","-15.8","","-18.8","","78","","14","","32","","8.1","","95.86","","","","-27","","Blowing Snow"
"2017-03-13 12:00","2017","03","13","12:00","-14.5","","-17.7","","77","","13","","38","","8.1","","95.84","","","","-27","","Blowing Snow"
"2017-03-13 13:00","2017","03","13","13:00","-13.7","","-16.8","","78","","14","","40","","8.1","","95.68","","","","-26","","Blowing Snow"
"2017-03-13 14:00","2017","03","13","14:00","-12.8","","-15.6","","80","","13","","32","","3.2","","95.59","","","","-23","","Blowing Snow"
"2017-03-13 15:00","2017","03","13","15:00","-12.1","","-14.9","","80","","13","","41","","1.6","","95.49","","","","-24","","Blowing Snow"
"2017-03-13 16:00","2017","03","13","16:00","-11.8","","-14.6","","80","","14","","42","","4.8","","95.48","","","","-23","","Blowing Snow"
"2017-03-13 17:00","2017","03","13","17:00","-11.8","","-14.3","","82","","14","","43","","4.0","","95.44","","","","-24","","Blowing Snow"
"2017-03-13 18:00","2017","03","13","18:00","-11.8","","-14.6","","80","","14","","36","","16.1","","95.36","","","","-23","","Blowing Snow"
"2017-03-13 19:00","2017","03","13","19:00","-11.8","","-14.3","","82","","14","","35","","9.7","","95.34","","","","-23","","Blowing Snow"
"2017-03-13 20:00","2017","03","13","20:00","-11.7","","-14.0","","83","","14","","37","","12.9","","95.29","","","","-23","","Blowing Snow"
"2017-03-13 21:00","2017","03","13","21:00","-12.6","","-14.5","","86","","13","","36","","3.2","","95.25","","","","-24","","Snow,Blowing Snow"
"2017-03-13 22:00","2017","03","13","22:00","-13.1","","-15.1","","85","","13","","36","","3.2","","95.19","","","","-24","","Snow,Blowing Snow"
"2017-03-13 23:00","2017","03","13","23:00","-13.0","","-14.9","","86","","13","","33","","3.2","","95.20","","","","-24","","Snow,Blowing Snow"
"2017-03-14 00:00","2017","03","14","00:00","-12.1","","-14.3","","84","","14","","35","","19.3","","95.16","","","","-23","","Blowing Snow"
"2017-03-14 01:00","2017","03","14","01:00","-12.0","","-14.0","","85","","14","","32","","19.3","","95.18","","","","-22","","Blowing Snow"
"2017-03-14 02:00","2017","03","14","02:00","-11.7","","-13.7","","85","","13","","29","","19.3","","95.17","","","","-22","","Snow,Blowing Snow"
"2017-03-14 03:00","2017","03","14","03:00","-11.5","","-13.5","","85","","14","","33","","19.3","","95.18","","","","-22","","Snow,Blowing Snow"
"2017-03-14 04:00","2017","03","14","04:00","-11.4","","-13.4","","85","","14","","30","","19.3","","95.19","","","","-21","","Blowing Snow"
"2017-03-14 05:00","2017","03","14","05:00","-11.1","","-13.0","","86","","13","","26","","19.3","","95.21","","","","-20","","Blowing Snow"
"2017-03-14 06:00","2017","03","14","06:00","-10.9","","-12.8","","86","","14","","28","","19.3","","95.22","","","","-20","","Blowing Snow"
"2017-03-14 07:00","2017","03","14","07:00","-10.7","","-12.6","","86","","14","","31","","24.1","","95.25","","","","-21","","NA"
"2017-03-14 08:00","2017","03","14","08:00","-10.4","","-12.3","","86","","14","","30","","24.1","","95.26","","","","-20","","NA"
"2017-03-14 09:00","2017","03","14","09:00","-9.9","","-12.0","","85","","15","","29","","24.1","","95.33","","","","-19","","Cloudy"
"2017-03-14 10:00","2017","03","14","10:00","-9.4","","-11.2","","87","","15","","30","","16.1","","95.33","","","","-19","","NA"
"2017-03-14 11:00","2017","03","14","11:00","-8.5","","-10.4","","86","","15","","27","","24.1","","95.34","","","","-17","","NA"
"2017-03-14 12:00","2017","03","14","12:00","-7.6","","-9.6","","86","","14","","24","","19.3","","95.36","","","","-16","","Cloudy"
"2017-03-14 13:00","2017","03","14","13:00","-6.9","","-9.2","","84","","14","","35","","24.1","","95.32","","","","-16","","NA"
"2017-03-14 14:00","2017","03","14","14:00","-6.1","","-8.4","","84","","14","","31","","24.1","","95.31","","","","-15","","NA"
"2017-03-14 15:00","2017","03","14","15:00","-5.7","","-7.8","","85","","14","","31","","24.1","","95.27","","","","-14","","Cloudy"
"2017-03-14 16:00","2017","03","14","16:00","-4.9","","-6.9","","86","","16","","33","","24.1","","95.22","","","","-13","","NA"
"2017-03-14 17:00","2017","03","14","17:00","-4.9","","-7.2","","84","","14","","27","","24.1","","95.14","","","","-12","","NA"
"2017-03-14 18:00","2017","03","14","18:00","-5.8","","-7.3","","89","","14","","31","","24.1","","95.15","","","","-14","","Cloudy"
"2017-03-14 19:00","2017","03","14","19:00","-5.8","","-6.9","","92","","14","","29","","24.1","","95.14","","","","-14","","NA"
"2017-03-14 20:00","2017","03","14","20:00","-6.1","","-7.8","","88","","14","","29","","24.1","","95.12","","","","-14","","NA"
"2017-03-14 21:00","2017","03","14","21:00","-6.4","","-7.9","","89","","13","","27","","24.1","","95.06","","","","-14","","Mostly Cloudy"
"2017-03-14 22:00","2017","03","14","22:00","-6.6","","-8.1","","89","","13","","30","","24.1","","94.99","","","","-15","","NA"
"2017-03-14 23:00","2017","03","14","23:00","-6.7","","-8.1","","90","","14","","32","","24.1","","94.92","","","","-15","","NA"
"2017-03-15 00:00","2017","03","15","00:00","-6.5","","-8.0","","89","","13","","33","","24.1","","94.85","","","","-15","","Mostly Cloudy"
"2017-03-15 01:00","2017","03","15","01:00","-7.0","","-8.4","","90","","13","","33","","24.1","","94.80","","","","-16","","NA"
"2017-03-15 02:00","2017","03","15","02:00","-6.7","","-8.1","","90","","14","","29","","24.1","","94.79","","","","-15","","NA"
"2017-03-15 03:00","2017","03","15","03:00","-6.1","","-7.6","","89","","12","","31","","24.1","","94.70","","","","-15","","Cloudy"
"2017-03-15 04:00","2017","03","15","04:00","-6.0","","-7.4","","90","","12","","26","","24.1","","94.58","","","","-14","","NA"
"2017-03-15 05:00","2017","03","15","05:00","-5.1","","-6.5","","90","","13","","31","","24.1","","94.52","","","","-13","","NA"
"2017-03-15 06:00","2017","03","15","06:00","-4.5","","-5.9","","90","","13","","35","","24.1","","94.50","","","","-13","","Cloudy"
"2017-03-15 07:00","2017","03","15","07:00","-4.8","","-6.2","","90","","15","","32","","24.1","","94.45","","","","-13","","NA"
"2017-03-15 08:00","2017","03","15","08:00","-5.1","","-6.5","","90","","14","","31","","24.1","","94.41","","","","-13","","NA"
"2017-03-15 09:00","2017","03","15","09:00","-4.5","","-6.2","","88","","14","","31","","24.1","","94.43","","","","-12","","Cloudy"
"2017-03-15 10:00","2017","03","15","10:00","-3.7","","-5.9","","85","","14","","35","","24.1","","94.41","","","","-12","","NA"
"2017-03-15 11:00","2017","03","15","11:00","-2.4","","-4.7","","84","","14","","31","","24.1","","94.37","","","","-10","","NA"
"2017-03-15 12:00","2017","03","15","12:00","-1.4","","-4.1","","82","","14","","32","","24.1","","94.35","","","","-9","","Mostly Cloudy"
"2017-03-15 13:00","2017","03","15","13:00","-0.3","","-3.0","","82","","13","","31","","24.1","","94.30","","","","-7","","NA"
"2017-03-15 14:00","2017","03","15","14:00","0.6","","-2.3","","81","","14","","30","","24.1","","94.29","","","","","","NA"
"2017-03-15 15:00","2017","03","15","15:00","1.4","","-1.3","","82","","14","","25","","24.1","","94.23","","","","","","Mostly Cloudy"
"2017-03-15 16:00","2017","03","15","16:00","2.0","","-0.8","","82","","14","","26","","24.1","","94.19","","","","","","NA"
"2017-03-15 17:00","2017","03","15","17:00","2.1","","-0.5","","83","","14","","28","","24.1","","94.17","","","","","","NA"
"2017-03-15 18:00","2017","03","15","18:00","1.3","","-0.5","","88","","13","","21","","24.1","","94.16","","","","","","Mostly Cloudy"
"2017-03-15 19:00","2017","03","15","19:00","0.8","","-0.5","","91","","12","","21","","16.1","","94.14","","","","","","NA"
"2017-03-15 20:00","2017","03","15","20:00","0.6","","-0.4","","93","","12","","23","","24.1","","94.12","","","","","","NA"
"2017-03-15 21:00","2017","03","15","21:00","0.1","","-0.8","","94","","12","","25","","24.1","","94.11","","","","","","Mostly Cloudy"
"2017-03-15 22:00","2017","03","15","22:00","-0.6","","-1.3","","95","","13","","23","","24.1","","94.07","","","","-6","","NA"
"2017-03-15 23:00","2017","03","15","23:00","-1.0","","-1.7","","95","","13","","21","","24.1","","94.05","","","","-7","","NA"
"2017-03-16 00:00","2017","03","16","00:00","-1.3","","-2.0","","95","","13","","22","","24.1","","93.99","","","","-7","","Mostly Cloudy"
"2017-03-16 01:00","2017","03","16","01:00","-1.8","","-2.6","","94","","12","","23","","24.1","","93.94","","","","-8","","NA"
"2017-03-16 02:00","2017","03","16","02:00","-2.4","","-3.2","","94","","13","","19","","24.1","","93.93","","","","-8","","NA"
"2017-03-16 03:00","2017","03","16","03:00","-2.5","","-3.3","","94","","12","","17","","24.1","","93.89","","","","-8","","Mostly Cloudy"
"2017-03-16 04:00","2017","03","16","04:00","-2.6","","-3.4","","94","","12","","22","","24.1","","93.81","","","","-9","","NA"
"2017-03-16 05:00","2017","03","16","05:00","-2.2","","-3.0","","94","","12","","17","","24.1","","93.75","","","","-8","","NA"
"2017-03-16 06:00","2017","03","16","06:00","-1.8","","-2.8","","93","","13","","18","","24.1","","93.76","","","","-7","","Cloudy"
"2017-03-16 07:00","2017","03","16","07:00","-1.4","","-2.2","","94","","12","","16","","12.9","","93.72","","","","-6","","Freezing Rain"
"2017-03-16 08:00","2017","03","16","08:00","-1.0","","-1.8","","94","","12","","18","","12.9","","93.68","","","","-6","","NA"
"2017-03-16 09:00","2017","03","16","09:00","-0.2","","-1.2","","93","","13","","13","","16.1","","93.68","","","","-4","","Cloudy"
"2017-03-16 10:00","2017","03","16","10:00","1.6","","0.3","","91","","12","","12","","16.1","","93.72","","","","","","NA"
"2017-03-16 11:00","2017","03","16","11:00","2.9","","1.0","","87","","15","","10","","19.3","","93.71","","","","","","NA"
"2017-03-16 12:00","2017","03","16","12:00","3.9","","1.8","","86","","20","","8","","19.3","","93.76","","","","","","Cloudy"
"2017-03-16 13:00","2017","03","16","13:00","5.7","","3.1","","83","","21","","10","","24.1","","93.74","","","","","","NA"
"2017-03-16 14:00","2017","03","16","14:00","8.2","","3.9","","74","","27","","31","","24.1","","93.78","","","","","","NA"
"2017-03-16 15:00","2017","03","16","15:00","5.0","","2.5","","84","","30","","37","","24.1","","93.84","","","","","","Mostly Cloudy"
"2017-03-16 16:00","2017","03","16","16:00","3.1","","1.5","","89","","30","","33","","24.1","","93.94","","","","","","NA"
"2017-03-16 17:00","2017","03","16","17:00","2.7","","0.6","","86","","29","","34","","24.1","","93.98","","","","","","NA"
"2017-03-16 18:00","2017","03","16","18:00","2.1","","0.6","","90","","30","","33","","19.3","","94.07","","","","","","Cloudy"
"2017-03-16 19:00","2017","03","16","19:00","0.6","","0.2","","97","","31","","35","","3.2","","94.14","","","","","","Drizzle,Fog"
"2017-03-16 20:00","2017","03","16","20:00","-0.3","","-0.7","","97","","31","","31","","6.4","","94.23","","","","-7","","Fog"
"2017-03-16 21:00","2017","03","16","21:00","-0.4","","-0.8","","97","","31","","28","","6.4","","94.30","","","","-7","","Fog"
"2017-03-16 22:00","2017","03","16","22:00","-0.7","","-1.7","","93","","33","","33","","19.3","","94.39","","","","-8","","NA"
"2017-03-16 23:00","2017","03","16","23:00","-0.7","","-2.6","","87","","34","","45","","24.1","","94.47","","","","-9","","NA"
"2017-03-17 00:00","2017","03","17","00:00","-0.6","","-2.0","","90","","34","","34","","24.1","","94.62","","","","-8","","Cloudy"
"2017-03-17 01:00","2017","03","17","01:00","-0.2","","-1.3","","92","","32","","30","","24.1","","94.73","","","","-7","","Snow,Blowing Snow"
"2017-03-17 02:00","2017","03","17","02:00","-0.4","","-1.5","","92","","33","","38","","8.1","","94.85","","","","-8","","Snow,Blowing Snow"
"2017-03-17 03:00","2017","03","17","03:00","-0.4","","-1.5","","92","","33","","28","","24.1","","94.99","","","","-7","","Cloudy"
"2017-03-17 04:00","2017","03","17","04:00","-1.2","","-2.9","","88","","34","","22","","24.1","","95.08","","","","-7","","NA"
"2017-03-17 05:00","2017","03","17","05:00","-1.9","","-3.9","","86","","34","","22","","24.1","","95.17","","","","-8","","NA"
"2017-03-17 06:00","2017","03","17","06:00","-3.3","","-6.1","","81","","34","","20","","24.1","","95.29","","","","-9","","Mainly Clear"
"2017-03-17 07:00","2017","03","17","07:00","-4.1","","-6.4","","84","","34","","15","","24.1","","95.39","","","","-9","","NA"
"2017-03-17 08:00","2017","03","17","08:00","-4.1","","-6.6","","83","","31","","15","","24.1","","95.50","","","","-9","","NA"
"2017-03-17 09:00","2017","03","17","09:00","-3.0","","-7.4","","72","","35","","16","","24.1","","95.55","","","","-8","","Mainly Clear"
"2017-03-17 10:00","2017","03","17","10:00","-2.1","","-6.9","","70","","34","","17","","24.1","","95.60","","","","-7","","NA"
"2017-03-17 11:00","2017","03","17","11:00","-1.4","","-7.6","","63","","33","","22","","24.1","","95.70","","","","-7","","NA"
"2017-03-17 12:00","2017","03","17","12:00","0.1","","-5.7","","65","","32","","21","","24.1","","95.71","","","","","","Mainly Clear"
"2017-03-17 13:00","2017","03","17","13:00","1.0","","-6.1","","59","","31","","19","","24.1","","95.71","","","","","","NA"
"2017-03-17 14:00","2017","03","17","14:00","2.0","","-6.1","","55","","31","","18","","24.1","","95.72","","","","","","NA"
"2017-03-17 15:00","2017","03","17","15:00","2.7","","-7.3","","48","","31","","14","","24.1","","95.71","","","","","","Mainly Clear"
"2017-03-17 16:00","2017","03","17","16:00","3.4","","-7.2","","46","","29","","12","","24.1","","95.72","","","","","","NA"
"2017-03-17 17:00","2017","03","17","17:00","2.8","","-9.5","","40","","28","","5","","24.1","","95.73","","","","","","NA"
"2017-03-17 18:00","2017","03","17","18:00","2.4","","-8.4","","45","","36","","2","","24.1","","95.69","","","","","","Mostly Cloudy"
"2017-03-17 19:00","2017","03","17","19:00","0.3","","-5.7","","64","","12","","10","","24.1","","95.68","","","","","","NA"
"2017-03-17 20:00","2017","03","17","20:00","-1.4","","-5.3","","75","","12","","12","","24.1","","95.65","","","","-5","","NA"
"2017-03-17 21:00","2017","03","17","21:00","-1.7","","-5.2","","77","","12","","13","","24.1","","95.61","","","","-6","","Cloudy"
"2017-03-17 22:00","2017","03","17","22:00","-1.2","","-4.9","","76","","14","","14","","24.1","","95.61","","","","-6","","NA"
"2017-03-17 23:00","2017","03","17","23:00","-1.5","","-4.9","","78","","14","","19","","24.1","","95.58","","","","-7","","NA"
"2017-03-18 00:00","2017","03","18","00:00","-1.8","","-4.8","","80","","15","","19","","24.1","","95.56","","","","-7","","Mostly Cloudy"
"2017-03-18 01:00","2017","03","18","01:00","-2.1","","-4.8","","82","","13","","20","","24.1","","95.51","","","","-8","","NA"
"2017-03-18 02:00","2017","03","18","02:00","-2.4","","-5.2","","81","","13","","24","","24.1","","95.44","","","","-9","","NA"
"2017-03-18 03:00","2017","03","18","03:00","-2.8","","-5.6","","81","","13","","27","","24.1","","95.32","","","","-10","","Mainly Clear"
"2017-03-18 04:00","2017","03","18","04:00","-2.5","","-5.7","","79","","13","","26","","24.1","","95.24","","","","-9","","NA"
"2017-03-18 05:00","2017","03","18","05:00","-2.5","","-6.2","","76","","14","","33","","24.1","","95.13","","","","-10","","NA"
"2017-03-18 06:00","2017","03","18","06:00","-2.3","","-6.3","","74","","13","","37","","24.1","","95.08","","","","-10","","Cloudy"
"2017-03-18 07:00","2017","03","18","07:00","-2.5","","-5.8","","78","","13","","37","","24.1","","95.01","","","","-10","","NA"
"2017-03-18 08:00","2017","03","18","08:00","-2.5","","-6.0","","77","","14","","39","","24.1","","94.90","","","","-11","","NA"
"2017-03-18 09:00","2017","03","18","09:00","-1.2","","-5.4","","73","","13","","39","","24.1","","94.82","","","","-9","","Mainly Clear"
"2017-03-18 10:00","2017","03","18","10:00","-0.4","","-5.0","","71","","14","","45","","24.1","","94.72","","","","-8","","NA"
"2017-03-18 11:00","2017","03","18","11:00","0.6","","-3.5","","74","","14","","44","","24.1","","94.62","","","","","","NA"
"2017-03-18 12:00","2017","03","18","12:00","1.9","","-2.3","","74","","14","","42","","24.1","","94.49","","","","","","Mainly Clear"
"2017-03-18 13:00","2017","03","18","13:00","2.9","","-1.3","","74","","14","","46","","24.1","","94.37","","","","","","NA"
"2017-03-18 14:00","2017","03","18","14:00","4.0","","-0.4","","73","","14","","42","","24.1","","94.25","","","","","","NA"
"2017-03-18 15:00","2017","03","18","15:00","3.8","","0.1","","77","","13","","36","","24.1","","94.14","","","","","","Mostly Cloudy"
"2017-03-18 16:00","2017","03","18","16:00","4.1","","0.4","","77","","13","","42","","24.1","","94.02","","","","","","NA"
"2017-03-18 17:00","2017","03","18","17:00","3.7","","0.4","","79","","14","","38","","24.1","","93.91","","","","","","NA"
"2017-03-18 18:00","2017","03","18","18:00","2.8","","-0.1","","81","","13","","42","","24.1","","93.82","","","","","","Mostly Cloudy"
"2017-03-18 19:00","2017","03","18","19:00","1.7","","-0.6","","85","","13","","37","","24.1","","93.76","","","","","","NA"
"2017-03-18 20:00","2017","03","18","20:00","1.7","","-0.4","","86","","14","","36","","24.1","","93.71","","","","","","NA"
"2017-03-18 21:00","2017","03","18","21:00","1.7","","-0.2","","87","","13","","32","","24.1","","93.58","","","","","","Mostly Cloudy"
"2017-03-18 22:00","2017","03","18","22:00","2.0","","-0.1","","86","","13","","33","","24.1","","93.49","","","","","","NA"
"2017-03-18 23:00","2017","03","18","23:00","2.2","","0.3","","87","","14","","30","","24.1","","93.41","","","","","","NA"
"2017-03-19 00:00","2017","03","19","00:00","2.4","","0.5","","87","","14","","26","","24.1","","93.38","","","","","","Cloudy"
"2017-03-19 01:00","2017","03","19","01:00","2.1","","0.8","","91","","14","","16","","24.1","","93.37","","","","","","NA"
"2017-03-19 02:00","2017","03","19","02:00","1.6","","0.6","","93","","13","","13","","24.1","","93.38","","","","","","NA"
"2017-03-19 03:00","2017","03","19","03:00","2.3","","0.7","","89","","23","","16","","24.1","","93.47","","","","","","Mainly Clear"
"2017-03-19 04:00","2017","03","19","04:00","5.5","","2.0","","78","","26","","23","","24.1","","93.52","","","","","","NA"
"2017-03-19 05:00","2017","03","19","05:00","5.2","","1.1","","75","","26","","29","","24.1","","93.55","","","","","","NA"
"2017-03-19 06:00","2017","03","19","06:00","4.6","","0.4","","74","","26","","33","","24.1","","93.64","","","","","","Mainly Clear"
"2017-03-19 07:00","2017","03","19","07:00","3.7","","-0.1","","76","","26","","26","","24.1","","93.83","","","","","","NA"
"2017-03-19 08:00","2017","03","19","08:00","4.3","","1.2","","80","","29","","14","","24.1","","93.99","","","","","","NA"
"2017-03-19 09:00","2017","03","19","09:00","3.9","","1.6","","85","","29","","25","","16.1","","94.14","","","","","","Mainly Clear"
"2017-03-19 10:00","2017","03","19","10:00","4.3","","1.5","","82","","30","","29","","16.1","","94.27","","","","","","NA"
"2017-03-19 11:00","2017","03","19","11:00","5.2","","0.4","","71","","29","","36","","24.1","","94.40","","","","","","NA"
"2017-03-19 12:00","2017","03","19","12:00","6.2","","0.8","","68","","29","","40","","24.1","","94.52","","","","","","Mostly Cloudy"
"2017-03-19 13:00","2017","03","19","13:00","6.0","","0.1","","66","","29","","41","","24.1","","94.61","","","","","","NA"
"2017-03-19 14:00","2017","03","19","14:00","6.4","","-2.0","","55","","31","","37","","24.1","","94.67","","","","","","NA"
"2017-03-19 15:00","2017","03","19","15:00","6.3","","-4.8","","45","","29","","35","","24.1","","94.74","","","","","","Mostly Cloudy"
"2017-03-19 16:00","2017","03","19","16:00","6.0","","-7.3","","38","","30","","39","","24.1","","94.79","","","","","","NA"
"2017-03-19 17:00","2017","03","19","17:00","5.9","","-6.7","","40","","31","","33","","24.1","","94.84","","","","","","NA"
"2017-03-19 18:00","2017","03","19","18:00","5.0","","-6.3","","44","","31","","25","","24.1","","94.88","","","","","","Mainly Clear"
"2017-03-19 19:00","2017","03","19","19:00","1.8","","-4.3","","64","","32","","14","","24.1","","94.95","","","","","","NA"
"2017-03-19 20:00","2017","03","19","20:00","0.1","","-4.4","","72","","28","","17","","24.1","","95.04","","","","","","NA"
"2017-03-19 21:00","2017","03","19","21:00","-0.3","","-5.1","","70","","27","","16","","24.1","","95.07","","","","-5","","Clear"
"2017-03-19 22:00","2017","03","19","22:00","-2.2","","-4.7","","83","","28","","10","","24.1","","95.11","","","","-6","","NA"
"2017-03-19 23:00","2017","03","19","23:00","-2.4","","-5.4","","80","","25","","11","","24.1","","95.13","","","","-6","","NA"
"2017-03-20 00:00","2017","03","20","00:00","-3.7","","-5.6","","87","","21","","12","","24.1","","95.14","","","","-8","","Clear"
"2017-03-20 01:00","2017","03","20","01:00","-3.9","","-5.6","","88","","23","","14","","24.1","","95.12","","","","-9","","NA"
"2017-03-20 02:00","2017","03","20","02:00","-3.9","","-6.2","","84","","22","","13","","24.1","","95.12","","","","-9","","NA"
"2017-03-20 03:00","2017","03","20","03:00","-1.8","","-5.5","","76","","25","","16","","24.1","","95.11","","","","-7","","Clear"
"2017-03-20 04:00","2017","03","20","04:00","-1.8","","-5.7","","75","","24","","21","","24.1","","95.11","","","","-8","","NA"
"2017-03-20 05:00","2017","03","20","05:00","-1.9","","-5.6","","76","","24","","22","","24.1","","95.14","","","","-8","","NA"
"2017-03-20 06:00","2017","03","20","06:00","-1.9","","-5.2","","78","","27","","20","","24.1","","95.24","","","","-8","","Clear"
"2017-03-20 07:00","2017","03","20","07:00","-2.5","","-5.5","","80","","27","","17","","24.1","","95.32","","","","-8","","NA"
"2017-03-20 08:00","2017","03","20","08:00","-1.9","","-5.1","","79","","29","","23","","24.1","","95.40","","","","-8","","NA"
"2017-03-20 09:00","2017","03","20","09:00","-0.3","","-4.0","","76","","30","","28","","24.1","","95.46","","","","-7","","Clear"
"2017-03-20 10:00","2017","03","20","10:00","1.0","","-4.5","","67","","30","","35","","24.1","","95.55","","","","","","NA"
"2017-03-20 11:00","2017","03","20","11:00","0.8","","-4.8","","66","","30","","39","","24.1","","95.62","","","","","","NA"
"2017-03-20 12:00","2017","03","20","12:00","-0.8","","-6.2","","67","","33","","45","","24.1","","95.69","","","","-9","","Mostly Cloudy"
"2017-03-20 13:00","2017","03","20","13:00","-1.1","","-10.0","","51","","32","","50","","24.1","","95.78","","","","-10","","NA"
"2017-03-20 14:00","2017","03","20","14:00","-1.2","","-9.6","","53","","31","","36","","24.1","","95.84","","","","-9","","NA"
"2017-03-20 15:00","2017","03","20","15:00","-1.6","","-11.0","","49","","31","","37","","24.1","","95.90","","","","-9","","Mainly Clear"
"2017-03-20 16:00","2017","03","20","16:00","-1.4","","-10.8","","49","","32","","40","","24.1","","95.92","","","","-9","","NA"
"2017-03-20 17:00","2017","03","20","17:00","-1.8","","-11.4","","48","","32","","37","","24.1","","95.94","","","","-10","","NA"
"2017-03-20 18:00","2017","03","20","18:00","-2.6","","-11.9","","49","","32","","32","","24.1","","95.96","","","","-10","","Clear"
"2017-03-20 19:00","2017","03","20","19:00","-4.1","","-12.3","","53","","35","","26","","24.1","","95.99","","","","-11","","NA"
"2017-03-20 20:00","2017","03","20","20:00","-5.5","","-12.3","","59","","35","","19","","24.1","","96.08","","","","-12","","NA"
"2017-03-20 21:00","2017","03","20","21:00","-6.3","","-12.1","","64","","1","","16","","24.1","","96.14","","","","-12","","Clear"
"2017-03-20 22:00","2017","03","20","22:00","-7.5","","-12.1","","70","","4","","13","","24.1","","96.22","","","","-13","","NA"
"2017-03-20 23:00","2017","03","20","23:00","-8.3","","-13.2","","68","","4","","13","","24.1","","96.28","","","","-14","","NA"
"2017-03-21 00:00","2017","03","21","00:00","-8.7","","-12.2","","76","","8","","11","","24.1","","96.35","","","","-14","","Clear"
"2017-03-21 01:00","2017","03","21","01:00","-9.2","","-12.4","","78","","11","","10","","24.1","","96.38","","","","-14","","NA"
"2017-03-21 02:00","2017","03","21","02:00","-9.9","","-13.2","","77","","10","","9","","24.1","","96.42","","","","-15","","NA"
"2017-03-21 03:00","2017","03","21","03:00","-10.2","","-13.0","","80","","9","","9","","24.1","","96.40","","","","-15","","Clear"
"2017-03-21 04:00","2017","03","21","04:00","-10.6","","-13.1","","82","","11","","9","","24.1","","96.39","","","","-16","","NA"
"2017-03-21 05:00","2017","03","21","05:00","-10.9","","-13.7","","80","","12","","12","","24.1","","96.39","","","","-17","","NA"
"2017-03-21 06:00","2017","03","21","06:00","-11.1","","-13.9","","80","","13","","13","","24.1","","96.43","","","","-18","","Clear"
"2017-03-21 07:00","2017","03","21","07:00","-11.3","","-15.6","","71","","12","","15","","24.1","","96.45","","","","-18","","NA"
"2017-03-21 08:00","2017","03","21","08:00","-10.2","","-16.2","","62","","13","","18","","24.1","","96.45","","","","-18","","NA"
"2017-03-21 09:00","2017","03","21","09:00","-8.8","","-13.9","","67","","15","","21","","24.1","","96.48","","","","-17","","Mainly Clear"
"2017-03-21 10:00","2017","03","21","10:00","-7.5","","-13.6","","62","","15","","22","","24.1","","96.45","","","","-15","","NA"
"2017-03-21 11:00","2017","03","21","11:00","-6.9","","-14.1","","57","","14","","26","","24.1","","96.42","","","","-15","","NA"
"2017-03-21 12:00","2017","03","21","12:00","-5.6","","-13.1","","56","","12","","28","","24.1","","96.34","","","","-14","","Mostly Cloudy"
"2017-03-21 13:00","2017","03","21","13:00","-5.5","","-13.0","","56","","14","","27","","24.1","","96.26","","","","-13","","NA"
"2017-03-21 14:00","2017","03","21","14:00","-4.0","","-10.7","","60","","13","","32","","24.1","","96.18","","","","-12","","NA"
"2017-03-21 15:00","2017","03","21","15:00","-3.7","","-10.4","","60","","12","","30","","24.1","","96.10","","","","-11","","Mainly Clear"
"2017-03-21 16:00","2017","03","21","16:00","-3.8","","-10.5","","60","","12","","37","","24.1","","96.03","","","","-12","","NA"
"2017-03-21 17:00","2017","03","21","17:00","-4.1","","-9.9","","64","","13","","34","","24.1","","95.97","","","","-12","","NA"
"2017-03-21 18:00","2017","03","21","18:00","-5.0","","-10.2","","67","","14","","37","","24.1","","95.86","","","","-14","","Mostly Cloudy"
"2017-03-21 19:00","2017","03","21","19:00","-6.2","","-9.8","","76","","13","","29","","24.1","","95.82","","","","-14","","NA"
"2017-03-21 20:00","2017","03","21","20:00","-7.2","","-10.1","","80","","13","","37","","24.1","","95.71","","","","-17","","NA"
"2017-03-21 21:00","2017","03","21","21:00","-7.8","","-10.5","","81","","13","","42","","24.1","","95.67","","","","-18","","Clear"
"2017-03-21 22:00","2017","03","21","22:00","-8.3","","-10.5","","84","","13","","41","","24.1","","95.60","","","","-19","","NA"
"2017-03-21 23:00","2017","03","21","23:00","-8.4","","-10.5","","85","","13","","40","","24.1","","95.51","","","","-19","","NA"
"2017-03-22 00:00","2017","03","22","00:00","-8.3","","-10.4","","85","","13","","42","","24.1","","95.41","","","","-19","","Mostly Cloudy"
"2017-03-22 01:00","2017","03","22","01:00","-7.8","","-10.2","","83","","13","","47","","24.1","","95.27","","","","-19","","NA"
"2017-03-22 02:00","2017","03","22","02:00","-7.6","","-10.0","","83","","13","","42","","24.1","","95.15","","","","-18","","NA"
"2017-03-22 03:00","2017","03","22","03:00","-7.1","","-9.5","","83","","13","","45","","24.1","","95.00","","","","-17","","Cloudy"
"2017-03-22 04:00","2017","03","22","04:00","-7.0","","-9.4","","83","","13","","37","","24.1","","94.89","","","","-16","","NA"
"2017-03-22 05:00","2017","03","22","05:00","-7.0","","-9.1","","85","","13","","38","","24.1","","94.80","","","","-17","","NA"
"2017-03-22 06:00","2017","03","22","06:00","-6.5","","-8.6","","85","","13","","36","","24.1","","94.77","","","","-16","","Cloudy"
"2017-03-22 07:00","2017","03","22","07:00","-6.3","","-8.4","","85","","13","","39","","24.1","","94.67","","","","-16","","NA"
"2017-03-22 08:00","2017","03","22","08:00","-5.7","","-7.8","","85","","13","","41","","24.1","","94.62","","","","-15","","NA"
"2017-03-22 09:00","2017","03","22","09:00","-4.9","","-7.2","","84","","14","","39","","24.1","","94.55","","","","-14","","Cloudy"
"2017-03-22 10:00","2017","03","22","10:00","-3.7","","-6.5","","81","","13","","37","","24.1","","94.52","","","","-12","","NA"
"2017-03-22 11:00","2017","03","22","11:00","-2.2","","-5.7","","77","","14","","41","","24.1","","94.41","","","","-10","","NA"
"2017-03-22 12:00","2017","03","22","12:00","-1.9","","-5.1","","79","","15","","38","","24.1","","94.32","","","","-10","","Cloudy"
"2017-03-22 13:00","2017","03","22","13:00","0.6","","-3.7","","73","","15","","34","","24.1","","94.25","","","","","","NA"
"2017-03-22 14:00","2017","03","22","14:00","1.2","","-3.5","","71","","14","","35","","24.1","","94.14","","","","","","NA"
"2017-03-22 15:00","2017","03","22","15:00","2.5","","-2.2","","71","","14","","34","","24.1","","94.09","","","","","","Cloudy"
"2017-03-22 16:00","2017","03","22","16:00","3.7","","-1.5","","69","","15","","36","","24.1","","94.02","","","","","","NA"
"2017-03-22 17:00","2017","03","22","17:00","3.1","","-1.5","","72","","14","","34","","24.1","","93.99","","","","","","NA"
"2017-03-22 18:00","2017","03","22","18:00","3.1","","-0.7","","76","","13","","30","","24.1","","93.94","","","","","","Clear"
"2017-03-22 19:00","2017","03","22","19:00","1.5","","-0.9","","84","","13","","31","","24.1","","93.86","","","","","","NA"
"2017-03-22 20:00","2017","03","22","20:00","1.0","","-0.8","","88","","14","","31","","24.1","","93.83","","","","","","NA"
"2017-03-22 21:00","2017","03","22","21:00","0.8","","-0.7","","90","","13","","27","","24.1","","93.82","","","","","","Clear"
"2017-03-22 22:00","2017","03","22","22:00","0.5","","-0.8","","91","","13","","21","","24.1","","93.82","","","","","","NA"
"2017-03-22 23:00","2017","03","22","23:00","1.0","","-0.6","","89","","12","","14","","24.1","","93.83","","","","","","NA"
"2017-03-23 00:00","2017","03","23","00:00","-0.3","","-1.2","","94","","14","","15","","24.1","","93.81","","","","-5","","Clear"
"2017-03-23 01:00","2017","03","23","01:00","-1.6","","-2.2","","96","","17","","6","","24.1","","93.85","","","","-4","","NA"
"2017-03-23 02:00","2017","03","23","02:00","-1.3","","-2.3","","93","","26","","17","","24.1","","93.88","","","","-6","","NA"
"2017-03-23 03:00","2017","03","23","03:00","-1.6","","-2.3","","95","","29","","13","","24.1","","93.96","","","","-6","","Clear"
"2017-03-23 04:00","2017","03","23","04:00","-1.4","","-2.0","","96","","31","","16","","24.1","","93.97","","","","-6","","NA"
"2017-03-23 05:00","2017","03","23","05:00","-0.9","","-1.2","","98","","32","","17","","1.2","","94.04","","","","-6","","Fog"
"2017-03-23 06:00","2017","03","23","06:00","-0.6","","-0.9","","98","","32","","15","","16.1","","94.05","","","","-5","","Cloudy"
"2017-03-23 07:00","2017","03","23","07:00","-1.6","","-2.0","","97","","32","","19","","12.9","","94.09","","","","-7","","NA"
"2017-03-23 08:00","2017","03","23","08:00","-1.4","","-2.0","","96","","34","","18","","16.1","","94.12","","","","-7","","NA"
"2017-03-23 09:00","2017","03","23","09:00","-1.3","","-1.7","","97","","35","","12","","8.1","","94.16","","","","-5","","Fog"
"2017-03-23 10:00","2017","03","23","10:00","-0.4","","-1.3","","94","","32","","14","","12.9","","94.18","","","","-5","","NA"
"2017-03-23 11:00","2017","03","23","11:00","2.2","","-1.1","","79","","34","","13","","24.1","","94.18","","","","","","NA"
"2017-03-23 12:00","2017","03","23","12:00","4.7","","-1.1","","66","","34","","9","","24.1","","94.18","","","","","","Mainly Clear"
"2017-03-23 13:00","2017","03","23","13:00","5.3","","-1.8","","60","","34","","8","","24.1","","94.19","","","","","","NA"
"2017-03-23 14:00","2017","03","23","14:00","6.7","","-1.0","","58","","33","","9","","24.1","","94.15","","","","","","NA"
"2017-03-23 15:00","2017","03","23","15:00","8.5","","0.0","","55","","32","","13","","24.1","","94.12","","","","","","Mainly Clear"
"2017-03-23 16:00","2017","03","23","16:00","9.0","","-0.8","","50","","31","","12","","24.1","","94.17","","","","","","NA"
"2017-03-23 17:00","2017","03","23","17:00","7.7","","-1.5","","52","","34","","14","","24.1","","94.24","","","","","","NA"
"2017-03-23 18:00","2017","03","23","18:00","8.0","","-2.1","","49","","1","","9","","24.1","","94.29","","","","","","Clear"
"2017-03-23 19:00","2017","03","23","19:00","5.7","","-1.7","","59","","2","","8","","24.1","","94.39","","","","","","NA"
"2017-03-23 20:00","2017","03","23","20:00","2.9","","-2.6","","67","","4","","14","","24.1","","94.49","","","","","","NA"
"2017-03-23 21:00","2017","03","23","21:00","2.1","","-2.6","","71","","4","","17","","24.1","","94.60","","","","","","Mainly Clear"
"2017-03-23 22:00","2017","03","23","22:00","0.4","","-2.7","","80","","6","","13","","24.1","","94.70","","","","","","NA"
"2017-03-23 23:00","2017","03","23","23:00","-0.2","","-3.1","","81","","5","","16","","24.1","","94.77","","","","-5","","NA"
"2017-03-24 00:00","2017","03","24","00:00","-1.1","","-4.0","","81","","5","","18","","24.1","","94.83","","","","-6","","Clear"
"2017-03-24 01:00","2017","03","24","01:00","-1.9","","-4.4","","83","","5","","16","","24.1","","94.90","","","","-7","","NA"
"2017-03-24 02:00","2017","03","24","02:00","-2.6","","-4.6","","86","","6","","13","","24.1","","94.91","","","","-7","","NA"
"2017-03-24 03:00","2017","03","24","03:00","-3.4","","-5.1","","88","","7","","11","","24.1","","94.93","","","","-8","","Clear"
"2017-03-24 04:00","2017","03","24","04:00","-3.7","","-5.7","","86","","4","","7","","24.1","","94.93","","","","-7","","NA"
"2017-03-24 05:00","2017","03","24","05:00","-4.4","","-6.0","","89","","8","","8","","24.1","","95.04","","","","-8","","NA"
"2017-03-24 06:00","2017","03","24","06:00","-4.8","","-6.5","","88","","12","","11","","24.1","","95.19","","","","-9","","Clear"
"2017-03-24 07:00","2017","03","24","07:00","-4.8","","-5.9","","92","","12","","10","","24.1","","95.21","","","","-9","","NA"
"2017-03-24 08:00","2017","03","24","08:00","-2.8","","-4.5","","88","","12","","14","","24.1","","95.22","","","","-8","","NA"
"2017-03-24 09:00","2017","03","24","09:00","-0.4","","-2.8","","84","","14","","16","","24.1","","95.21","","","","-5","","Mainly Clear"
"2017-03-24 10:00","2017","03","24","10:00","1.2","","-2.2","","78","","13","","20","","24.1","","95.22","","","","","","NA"
"2017-03-24 11:00","2017","03","24","11:00","2.5","","-1.3","","76","","13","","22","","24.1","","95.19","","","","","","NA"
"2017-03-24 12:00","2017","03","24","12:00","4.1","","-0.3","","73","","11","","22","","24.1","","95.17","","","","","","Mainly Clear"
"2017-03-24 13:00","2017","03","24","13:00","4.4","","-0.2","","72","","13","","28","","24.1","","95.07","","","","","","NA"
"2017-03-24 14:00","2017","03","24","14:00","5.1","","0.5","","72","","13","","33","","24.1","","95.01","","","","","","NA"
"2017-03-24 15:00","2017","03","24","15:00","5.8","","1.5","","74","","12","","35","","24.1","","94.91","","","","","","Mainly Clear"
"2017-03-24 16:00","2017","03","24","16:00","5.0","","1.1","","76","","13","","39","","24.1","","94.84","","","","","","NA"
"2017-03-24 17:00","2017","03","24","17:00","4.2","","0.7","","78","","12","","37","","24.1","","94.74","","","","","","NA"
"2017-03-24 18:00","2017","03","24","18:00","2.7","","-0.1","","82","","12","","38","","24.1","","94.69","","","","","","Cloudy"
"2017-03-24 19:00","2017","03","24","19:00","1.8","","-0.3","","86","","13","","41","","24.1","","94.61","","","","","","NA"
"2017-03-24 20:00","2017","03","24","20:00","1.1","","-0.5","","89","","13","","38","","24.1","","94.61","","","","","","NA"
"2017-03-24 21:00","2017","03","24","21:00","0.9","","-0.6","","90","","13","","39","","24.1","","94.59","","","","","","Cloudy"
"2017-03-24 22:00","2017","03","24","22:00","0.8","","-0.8","","89","","13","","35","","24.1","","94.58","","","","","","NA"
"2017-03-24 23:00","2017","03","24","23:00","0.8","","-0.8","","89","","13","","36","","24.1","","94.49","","","","","","NA"
"2017-03-25 00:00","2017","03","25","00:00","1.2","","-0.6","","88","","13","","41","","24.1","","94.38","","","","","","Cloudy"
"2017-03-25 01:00","2017","03","25","01:00","1.8","","-0.1","","87","","14","","29","","24.1","","94.32","","","","","","Rain Showers"
"2017-03-25 02:00","2017","03","25","02:00","1.8","","0.2","","89","","13","","37","","24.1","","94.23","","","","","","Rain Showers"
"2017-03-25 03:00","2017","03","25","03:00","1.5","","-0.1","","89","","13","","41","","24.1","","94.10","","","","","","Cloudy"
"2017-03-25 04:00","2017","03","25","04:00","1.7","","0.2","","90","","13","","45","","24.1","","94.02","","","","","","Rain Showers"
"2017-03-25 05:00","2017","03","25","05:00","2.0","","0.2","","88","","15","","35","","24.1","","93.97","","","","","","Rain Showers"
"2017-03-25 06:00","2017","03","25","06:00","2.0","","0.2","","88","","15","","32","","24.1","","93.96","","","","","","Mostly Cloudy"
"2017-03-25 07:00","2017","03","25","07:00","1.9","","0.3","","89","","18","","17","","24.1","","93.98","","","","","","NA"
"2017-03-25 08:00","2017","03","25","08:00","3.3","","1.2","","86","","15","","13","","24.1","","93.97","","","","","","NA"
"2017-03-25 09:00","2017","03","25","09:00","6.8","","2.3","","73","","20","","13","","24.1","","94.00","","","","","","Mostly Cloudy"
"2017-03-25 10:00","2017","03","25","10:00","9.5","","0.9","","55","","25","","26","","24.1","","94.02","","","","","","NA"
"2017-03-25 11:00","2017","03","25","11:00","10.4","","1.5","","54","","24","","36","","24.1","","94.00","","","","","","NA"
"2017-03-25 12:00","2017","03","25","12:00","12.2","","1.0","","46","","26","","35","","24.1","","94.04","","","","","","Mostly Cloudy"
"2017-03-25 13:00","2017","03","25","13:00","12.4","","1.8","","48","","26","","53","","24.1","","94.05","","","","","","NA"
"2017-03-25 14:00","2017","03","25","14:00","12.5","","2.4","","50","","26","","45","","24.1","","94.12","","","","","","NA"
"2017-03-25 15:00","2017","03","25","15:00","11.8","","2.6","","53","","29","","44","","24.1","","94.14","","","","","","Mostly Cloudy"
"2017-03-25 16:00","2017","03","25","16:00","11.3","","2.1","","53","","31","","33","","24.1","","94.21","","","","","","NA"
"2017-03-25 17:00","2017","03","25","17:00","11.0","","1.8","","53","","30","","25","","24.1","","94.29","","","","","","NA"
"2017-03-25 18:00","2017","03","25","18:00","11.0","","1.8","","53","","30","","17","","24.1","","94.29","","","","","","Mostly Cloudy"
"2017-03-25 19:00","2017","03","25","19:00","7.1","","1.6","","68","","31","","8","","24.1","","94.33","","","","","","NA"
"2017-03-25 20:00","2017","03","25","20:00","6.0","","1.5","","73","","20","","4","","24.1","","94.40","","","","","","NA"
"2017-03-25 21:00","2017","03","25","21:00","4.6","","0.9","","77","","12","","6","","24.1","","94.43","","","","","","Mostly Cloudy"
"2017-03-25 22:00","2017","03","25","22:00","3.5","","0.9","","83","","10","","12","","24.1","","94.39","","","","","","NA"
"2017-03-25 23:00","2017","03","25","23:00","2.1","","0.8","","91","","13","","14","","24.1","","94.38","","","","","","NA"
"2017-03-26 00:00","2017","03","26","00:00","1.8","","0.8","","93","","14","","13","","24.1","","94.38","","","","","","Mainly Clear"
"2017-03-26 01:00","2017","03","26","01:00","2.2","","1.0","","92","","15","","11","","24.1","","94.39","","","","","","NA"
"2017-03-26 02:00","2017","03","26","02:00","2.3","","1.4","","94","","14","","12","","24.1","","94.41","","","","","","NA"
"2017-03-26 03:00","2017","03","26","03:00","2.7","","1.4","","91","","11","","5","","24.1","","94.40","","","","","","Mostly Cloudy"
"2017-03-26 04:00","2017","03","26","04:00","1.2","","0.1","","92","","15","","11","","24.1","","94.39","","","","","","NA"
"2017-03-26 05:00","2017","03","26","05:00","0.9","","-0.3","","92","","14","","17","","24.1","","94.36","","","","","","NA"
"2017-03-26 06:00","2017","03","26","06:00","0.9","","-0.1","","93","","15","","14","","24.1","","94.39","","","","","","Mainly Clear"
"2017-03-26 07:00","2017","03","26","07:00","1.1","","-0.1","","92","","16","","11","","24.1","","94.41","","","","","","NA"
"2017-03-26 08:00","2017","03","26","08:00","0.9","","0.0","","94","","11","","4","","24.1","","94.42","","","","","","NA"
"2017-03-26 09:00","2017","03","26","09:00","3.8","","0.9","","81","","15","","10","","24.1","","94.42","","","","","","Mostly Cloudy"
"2017-03-26 10:00","2017","03","26","10:00","6.0","","-0.9","","61","","17","","8","","24.1","","94.43","","","","","","NA"
"2017-03-26 11:00","2017","03","26","11:00","6.3","","-0.4","","62","","22","","8","","24.1","","94.48","","","","","","NA"
"2017-03-26 12:00","2017","03","26","12:00","7.9","","-0.1","","57","","36","","3","","24.1","","94.44","","","","","","Mostly Cloudy"
"2017-03-26 13:00","2017","03","26","13:00","9.6","","-0.3","","50","","18","","9","","24.1","","94.39","","","","","","NA"
"2017-03-26 14:00","2017","03","26","14:00","12.6","","-2.8","","34","","24","","11","","24.1","","94.34","","","","","","NA"
"2017-03-26 15:00","2017","03","26","15:00","12.4","","-5.6","","28","","25","","24","","24.1","","94.35","","","","","","Mostly Cloudy"
"2017-03-26 16:00","2017","03","26","16:00","12.7","","-5.3","","28","","27","","13","","24.1","","94.29","","","","","","NA"
"2017-03-26 17:00","2017","03","26","17:00","13.1","","-5.9","","26","","26","","14","","24.1","","94.29","","","","","","NA"
"2017-03-26 18:00","2017","03","26","18:00","12.0","","-5.0","","30","","23","","8","","24.1","","94.33","","","","","","Mostly Cloudy"
"2017-03-26 19:00","2017","03","26","19:00","9.5","","-3.1","","41","","25","","11","","24.1","","94.35","","","","","","NA"
"2017-03-26 20:00","2017","03","26","20:00","6.9","","-2.5","","51","","36","","8","","24.1","","94.37","","","","","","NA"
"2017-03-26 21:00","2017","03","26","21:00","1.9","","-1.7","","77","","34","","13","","24.1","","94.39","","","","","","Mainly Clear"
"2017-03-26 22:00","2017","03","26","22:00","0.3","","-0.9","","92","","35","","13","","24.1","","94.43","","","","","","NA"
"2017-03-26 23:00","2017","03","26","23:00","-0.6","","-1.2","","96","","34","","13","","24.1","","94.45","","","","-5","","NA"
"2017-03-27 00:00","2017","03","27","00:00","-1.4","","-1.5","","99","","36","","12","","3.2","","94.45","","","","-5","","Fog"
"2017-03-27 01:00","2017","03","27","01:00","-1.4","","-1.4","","100","","36","","13","","0.8","","94.45","","","","-6","","Freezing Fog"
"2017-03-27 02:00","2017","03","27","02:00","-1.7","","-1.7","","100","","36","","11","","0.8","","94.48","","","","-6","","Freezing Fog"
"2017-03-27 03:00","2017","03","27","03:00","-1.9","","-1.9","","100","","34","","12","","0.6","","94.49","","","","-6","","Freezing Fog"
"2017-03-27 04:00","2017","03","27","04:00","-2.1","","-2.1","","100","","36","","8","","0.6","","94.50","","","","-5","","Freezing Fog"
"2017-03-27 05:00","2017","03","27","05:00","-2.1","","-2.2","","99","","36","","9","","0.4","","94.52","","","","-6","","Freezing Fog"
"2017-03-27 06:00","2017","03","27","06:00","-2.2","","-2.3","","99","","2","","9","","0.6","","94.58","","","","-6","","Freezing Fog"
"2017-03-27 07:00","2017","03","27","07:00","-2.3","","-2.4","","99","","2","","5","","0.4","","94.60","","","","-4","","Freezing Fog"
"2017-03-27 08:00","2017","03","27","08:00","-2.0","","-2.1","","99","","3","","4","","0.4","","94.63","","","","-3","","Freezing Fog"
"2017-03-27 09:00","2017","03","27","09:00","-1.3","","-1.4","","99","","5","","7","","0.4","","94.66","","","","-4","","Freezing Fog"
"2017-03-27 10:00","2017","03","27","10:00","-1.1","","-1.1","","100","","10","","9","","0.8","","94.72","","","","-4","","Freezing Fog"
"2017-03-27 11:00","2017","03","27","11:00","-0.7","","-0.7","","100","","7","","7","","6.4","","94.74","","","","-3","","Fog"
"2017-03-27 12:00","2017","03","27","12:00","0.9","","0.9","","100","","3","","8","","11.3","","94.73","","","","","","Cloudy"
"2017-03-27 13:00","2017","03","27","13:00","4.0","","1.0","","81","","10","","13","","19.3","","94.75","","","","","","NA"
"2017-03-27 14:00","2017","03","27","14:00","6.3","","2.0","","74","","10","","13","","24.1","","94.74","","","","","","NA"
"2017-03-27 15:00","2017","03","27","15:00","6.3","","1.6","","72","","10","","18","","24.1","","94.74","","","","","","Cloudy"
"2017-03-27 16:00","2017","03","27","16:00","5.8","","1.2","","72","","11","","20","","24.1","","94.73","","","","","","NA"
"2017-03-27 17:00","2017","03","27","17:00","6.0","","2.1","","76","","9","","17","","24.1","","94.74","","","","","","NA"
"2017-03-27 18:00","2017","03","27","18:00","6.1","","2.2","","76","","9","","16","","24.1","","94.78","","","","","","Mostly Cloudy"
"2017-03-27 19:00","2017","03","27","19:00","4.4","","1.9","","84","","8","","18","","24.1","","94.84","","","","","","NA"
"2017-03-27 20:00","2017","03","27","20:00","2.6","","1.7","","94","","8","","18","","24.1","","94.91","","","","","","NA"
"2017-03-27 21:00","2017","03","27","21:00","2.3","","1.7","","96","","9","","23","","24.1","","94.96","","","","","","Cloudy"
"2017-03-27 22:00","2017","03","27","22:00","2.3","","1.9","","97","","11","","19","","16.1","","95.01","","","","","","NA"
"2017-03-27 23:00","2017","03","27","23:00","2.2","","1.9","","98","","11","","21","","3.2","","95.06","","","","","","Fog"
"2017-03-28 00:00","2017","03","28","00:00","1.9","","1.8","","99","","12","","17","","4.8","","95.05","","","","","","Fog"
"2017-03-28 01:00","2017","03","28","01:00","1.7","","1.6","","99","","12","","21","","9.7","","95.04","","","","","","Fog"
"2017-03-28 02:00","2017","03","28","02:00","0.8","","0.4","","97","","11","","21","","24.1","","95.07","","","","","","NA"
"2017-03-28 03:00","2017","03","28","03:00","0.5","","-0.5","","93","","11","","19","","24.1","","95.07","","","","","","Mostly Cloudy"
"2017-03-28 04:00","2017","03","28","04:00","0.2","","-0.8","","93","","10","","17","","24.1","","95.05","","","","","","NA"
"2017-03-28 05:00","2017","03","28","05:00","-0.5","","-1.4","","94","","10","","14","","24.1","","95.08","","","","-5","","NA"
"2017-03-28 06:00","2017","03","28","06:00","-0.3","","-1.2","","94","","11","","13","","24.1","","95.14","","","","-4","","Mostly Cloudy"
"2017-03-28 07:00","2017","03","28","07:00","-0.2","","-0.9","","95","","12","","15","","16.1","","95.18","","","","-5","","NA"
"2017-03-28 08:00","2017","03","28","08:00","0.8","","0.1","","95","","12","","17","","14.5","","95.18","","","","","","NA"
"2017-03-28 09:00","2017","03","28","09:00","1.4","","0.2","","92","","12","","20","","16.1","","95.19","","","","","","Cloudy"
"2017-03-28 10:00","2017","03","28","10:00","2.2","","0.6","","89","","14","","27","","16.1","","95.19","","","","","","NA"
"2017-03-28 11:00","2017","03","28","11:00","3.0","","1.2","","88","","14","","28","","16.1","","95.17","","","","","","NA"
"2017-03-28 12:00","2017","03","28","12:00","2.9","","1.4","","90","","13","","21","","16.1","","95.17","","","","","","Cloudy"
"2017-03-28 13:00","2017","03","28","13:00","3.8","","1.8","","87","","14","","23","","16.1","","95.14","","","","","","NA"
"2017-03-28 14:00","2017","03","28","14:00","4.4","","2.4","","87","","14","","22","","24.1","","95.10","","","","","","NA"
"2017-03-28 15:00","2017","03","28","15:00","4.3","","2.2","","86","","14","","26","","19.3","","95.07","","","","","","Cloudy"
"2017-03-28 16:00","2017","03","28","16:00","4.2","","1.9","","85","","13","","28","","24.1","","95.04","","","","","","NA"
"2017-03-28 17:00","2017","03","28","17:00","4.1","","2.0","","86","","13","","27","","24.1","","95.03","","","","","","NA"
"2017-03-28 18:00","2017","03","28","18:00","3.4","","1.8","","89","","14","","34","","9.7","","94.99","","","","","","Fog"
"2017-03-28 19:00","2017","03","28","19:00","2.8","","1.6","","92","","13","","27","","9.7","","94.99","","","","","","Fog"
"2017-03-28 20:00","2017","03","28","20:00","2.6","","1.7","","94","","14","","29","","8.1","","94.98","","","","","","Fog"
"2017-03-28 21:00","2017","03","28","21:00","2.4","","1.8","","96","","14","","30","","8.1","","94.99","","","","","","Fog"
"2017-03-28 22:00","2017","03","28","22:00","2.3","","2.0","","98","","14","","30","","0.8","","94.98","","","","","","Fog"
"2017-03-28 23:00","2017","03","28","23:00","2.4","","2.3","","99","","14","","32","","0.8","","94.95","","","","","","Fog"
"2017-03-29 00:00","2017","03","29","00:00","2.2","","2.2","","100","","14","","25","","0.8","","94.92","","","","","","Fog"
"2017-03-29 01:00","2017","03","29","01:00","2.0","","2.0","","100","","14","","22","","0.4","","94.90","","","","","","Fog"
"2017-03-29 02:00","2017","03","29","02:00","1.7","","1.7","","100","","14","","22","","0.4","","94.86","","","","","","Fog"
"2017-03-29 03:00","2017","03","29","03:00","1.3","","1.3","","100","","13","","22","","3.2","","94.79","","","","","","Fog"
"2017-03-29 04:00","2017","03","29","04:00","0.9","","0.9","","100","","12","","24","","0.4","","94.74","","","","","","Fog"
"2017-03-29 05:00","2017","03","29","05:00","0.6","","0.6","","100","","13","","20","","0.4","","94.70","","","","","","Fog"
"2017-03-29 06:00","2017","03","29","06:00","0.6","","0.6","","100","","13","","26","","4.8","","94.66","","","","","","Fog"
"2017-03-29 07:00","2017","03","29","07:00","0.6","","0.6","","100","","13","","16","","6.4","","94.65","","","","","","Fog"
"2017-03-29 08:00","2017","03","29","08:00","1.6","","1.6","","100","","14","","15","","19.3","","94.61","","","","","","NA"
"2017-03-29 09:00","2017","03","29","09:00","4.5","","1.9","","83","","17","","13","","24.1","","94.56","","","","","","Mostly Cloudy"
"2017-03-29 10:00","2017","03","29","10:00","7.0","","0.7","","64","","21","","12","","24.1","","94.56","","","","","","NA"
"2017-03-29 11:00","2017","03","29","11:00","9.6","","0.0","","51","","24","","17","","24.1","","94.49","","","","","","NA"
"2017-03-29 12:00","2017","03","29","12:00","11.6","","0.7","","47","","21","","17","","24.1","","94.41","","","","","","Mostly Cloudy"
"2017-03-29 13:00","2017","03","29","13:00","12.5","","-0.7","","40","","25","","27","","24.1","","94.36","","","","","","NA"
"2017-03-29 14:00","2017","03","29","14:00","14.0","","0.3","","39","","24","","17","","24.1","","94.27","","","","","","NA"
"2017-03-29 15:00","2017","03","29","15:00","14.9","","-0.7","","34","","23","","21","","24.1","","94.21","","","","","","Mainly Clear"
"2017-03-29 16:00","2017","03","29","16:00","15.0","","-1.5","","32","","29","","25","","24.1","","94.23","","","","","","NA"
"2017-03-29 17:00","2017","03","29","17:00","15.9","","-4.0","","25","","28","","25","","24.1","","94.13","","","","","","NA"
"2017-03-29 18:00","2017","03","29","18:00","14.6","","-1.4","","33","","30","","13","","24.1","","94.18","","","","","","Mainly Clear"
"2017-03-29 19:00","2017","03","29","19:00","11.3","","-1.4","","41","","29","","9","","24.1","","94.13","","","","","","NA"
"2017-03-29 20:00","2017","03","29","20:00","9.4","","-1.6","","46","","34","","5","","24.1","","94.13","","","","","","NA"
"2017-03-29 21:00","2017","03","29","21:00","7.9","","-1.3","","52","","4","","3","","24.1","","94.14","","","","","","Cloudy"
"2017-03-29 22:00","2017","03","29","22:00","6.1","","1.1","","70","","15","","7","","24.1","","94.15","","","","","","NA"
"2017-03-29 23:00","2017","03","29","23:00","4.6","","1.8","","82","","15","","4","","24.1","","94.12","","","","","","NA"
"2017-03-30 00:00","2017","03","30","00:00","6.6","","-0.2","","62","","9","","5","","24.1","","94.04","","","","","","Cloudy"
"2017-03-30 01:00","2017","03","30","01:00","5.7","","0.5","","69","","10","","7","","24.1","","94.03","","","","","","NA"
"2017-03-30 02:00","2017","03","30","02:00","5.5","","0.3","","69","","11","","7","","24.1","","94.02","","","","","","NA"
"2017-03-30 03:00","2017","03","30","03:00","4.6","","1.1","","78","","11","","8","","24.1","","93.98","","","","","","Cloudy"
"2017-03-30 04:00","2017","03","30","04:00","4.5","","0.7","","76","","24","","5","","24.1","","93.95","","","","","","NA"
"2017-03-30 05:00","2017","03","30","05:00","4.4","","0.9","","78","","15","","4","","24.1","","93.96","","","","","","NA"
"2017-03-30 06:00","2017","03","30","06:00","4.1","","0.4","","77","","15","","10","","24.1","","93.96","","","","","","Mostly Cloudy"
"2017-03-30 07:00","2017","03","30","07:00","3.9","","0.2","","77","","14","","10","","24.1","","93.94","","","","","","NA"
"2017-03-30 08:00","2017","03","30","08:00","4.8","","0.9","","76","","7","","9","","24.1","","93.93","","","","","","NA"
"2017-03-30 09:00","2017","03","30","09:00","5.3","","0.7","","72","","8","","12","","24.1","","93.92","","","","","","Mostly Cloudy"
"2017-03-30 10:00","2017","03","30","10:00","7.6","","1.0","","63","","7","","12","","24.1","","93.94","","","","","","Rain"
"2017-03-30 11:00","2017","03","30","11:00","11.5","","0.0","","45","","9","","12","","24.1","","93.96","","","","","","NA"
"2017-03-30 12:00","2017","03","30","12:00","13.8","","0.2","","39","","8","","13","","24.1","","93.96","","","","","","Mostly Cloudy"
"2017-03-30 13:00","2017","03","30","13:00","14.3","","-0.9","","35","","11","","17","","24.1","","93.95","","","","","","NA"
"2017-03-30 14:00","2017","03","30","14:00","14.7","","-0.5","","35","","12","","13","","24.1","","93.97","","","","","","NA"
"2017-03-30 15:00","2017","03","30","15:00","15.1","","-0.6","","34","","5","","12","","24.1","","93.98","","","","","","Mostly Cloudy"
"2017-03-30 16:00","2017","03","30","16:00","15.3","","0.0","","35","","5","","19","","24.1","","94.02","","","","","","NA"
"2017-03-30 17:00","2017","03","30","17:00","14.7","","0.6","","38","","5","","16","","24.1","","94.08","","","","","","NA"
"2017-03-30 18:00","2017","03","30","18:00","13.7","","1.4","","43","","6","","28","","24.1","","94.16","","","","","","Mostly Cloudy"
"2017-03-30 19:00","2017","03","30","19:00","10.6","","3.0","","59","","5","","32","","24.1","","94.24","","","","","","NA"
"2017-03-30 20:00","2017","03","30","20:00","8.8","","3.3","","68","","5","","31","","24.1","","94.36","","","","","","NA"
"2017-03-30 21:00","2017","03","30","21:00","7.3","","3.0","","74","","6","","25","","24.1","","94.44","","","","","","Mainly Clear"
"2017-03-30 22:00","2017","03","30","22:00","6.5","","3.0","","78","","7","","24","","24.1","","94.53","","","","","","NA"
"2017-03-30 23:00","2017","03","30","23:00","5.7","","2.5","","80","","6","","21","","24.1","","94.60","","","","","","NA"
"2017-03-31 00:00","2017","03","31","00:00","5.2","","2.0","","80","","3","","21","","24.1","","94.68","","","","","","Mainly Clear"
"2017-03-31 01:00","2017","03","31","01:00","3.8","","2.2","","89","","3","","16","","24.1","","94.78","","","","","","NA"
"2017-03-31 02:00","2017","03","31","02:00","2.5","","1.6","","94","","3","","14","","24.1","","94.84","","","","","","NA"
"2017-03-31 03:00","2017","03","31","03:00","1.3","","1.0","","98","","3","","16","","16.1","","94.93","","","","","","Cloudy"
"2017-03-31 04:00","2017","03","31","04:00","1.5","","1.2","","98","","3","","16","","16.1","","95.00","","","","","","NA"
"2017-03-31 05:00","2017","03","31","05:00","1.5","","1.1","","97","","6","","11","","16.1","","95.08","","","","","","NA"
"2017-03-31 06:00","2017","03","31","06:00","1.4","","1.0","","97","","3","","14","","24.1","","95.18","","","","","","Cloudy"
"2017-03-31 07:00","2017","03","31","07:00","1.4","","0.8","","96","","3","","15","","24.1","","95.25","","","","","","NA"
"2017-03-31 08:00","2017","03","31","08:00","1.7","","1.1","","96","","4","","16","","24.1","","95.34","","","","","","NA"
"2017-03-31 09:00","2017","03","31","09:00","2.2","","1.2","","93","","4","","21","","24.1","","95.39","","","","","","Cloudy"
"2017-03-31 10:00","2017","03","31","10:00","2.5","","1.2","","91","","2","","16","","24.1","","95.44","","","","","","NA"
"2017-03-31 11:00","2017","03","31","11:00","3.2","","1.1","","86","","4","","18","","24.1","","95.47","","","","","","NA"
"2017-03-31 12:00","2017","03","31","12:00","4.0","","1.2","","82","","3","","12","","24.1","","95.50","","","","","","Cloudy"
"2017-03-31 13:00","2017","03","31","13:00","5.1","","0.3","","71","","2","","10","","24.1","","95.47","","","","","","NA"
"2017-03-31 14:00","2017","03","31","14:00","5.8","","-0.7","","63","","8","","8","","24.1","","95.44","","","","","","NA"
"2017-03-31 15:00","2017","03","31","15:00","7.1","","-0.8","","57","","7","","5","","24.1","","95.43","","","","","","Mostly Cloudy"
"2017-03-31 16:00","2017","03","31","16:00","7.9","","-0.8","","54","","19","","3","","24.1","","95.43","","","","","","NA"
"2017-03-31 17:00","2017","03","31","17:00","7.9","","-1.1","","53","","15","","6","","24.1","","95.41","","","","","","NA"
"2017-03-31 18:00","2017","03","31","18:00","8.3","","-0.7","","53","","21","","7","","24.1","","95.39","","","","","","Mainly Clear"
"2017-03-31 19:00","2017","03","31","19:00","6.6","","0.5","","65","","17","","11","","24.1","","95.37","","","","","","NA"
"2017-03-31 20:00","2017","03","31","20:00","2.7","","0.1","","83","","16","","11","","24.1","","95.36","","","","","","NA"
"2017-03-31 21:00","2017","03","31","21:00","0.7","","-0.8","","90","","19","","12","","24.1","","95.40","","","","","","Clear"
"2017-03-31 22:00","2017","03","31","22:00","-0.7","","-1.7","","93","","19","","14","","24.1","","95.38","","","","-5","","NA"
"2017-03-31 23:00","2017","03","31","23:00","-1.5","","-2.2","","95","","20","","13","","24.1","","95.39","","","","-6","","NA"
